10000, 14.016701434534964, 6.367649262232604, 30.966330331633575, 55.47538967849264
10009, 11.010280431449178, 5.8092870091120306, 16.69765805608604, 74.93466680068349
10014, 14.76006120533321, 7.028311617609518, 38.296248040552925, 52.74831538445879
10019, 14.752160119272071, 7.020511082988659, 38.191880041912086, 52.886542354604735
10029, 10.622508188734269, 6.312460561816744, 18.25563221896085, 74.51301795448481
10031, 12.518720988752168, 6.276144595733831, 24.080075420557996, 66.33473764841057
10051, 13.290568693587787, 5.999000745442376, 25.97693550756574, 62.84890553841633
10053, 11.3744035321217, 6.258990339177563, 19.957686882933707, 72.38848730606487
10056, 14.221562289471542, 6.1794045077543185, 31.770664359612127, 57.05454021123968
10064, 12.729578248439516, 6.964127597754632, 28.854589132358804, 62.675186492768844
10075, 15.177050535557397, 6.443333564601662, 39.29864852928186, 47.280496422577514
10079, 15.105809459194548, 7.310320564317382, 41.94066689251319, 49.388762522383004
10080, 15.788706279233159, 7.2767044114856185, 46.42258819841091, 44.66988664752966
10082, 16.481739789929563, 6.70618089351841, 48.723152055379074, 40.47318761557062
10083, 15.64233805660885, 7.120666233949197, 44.870436948965434, 45.874420061760624
10084, 15.103437404177098, 7.149927041471588, 40.92004216232495, 50.25146815238669
10085, 15.872018867232095, 7.191593636278392, 46.19291488551234, 44.711558809836205
10086, 14.401324750995858, 7.212654187536552, 37.29047849202513, 52.98695021749638
10087, 15.087631750331566, 7.268131338208072, 41.58125639989854, 49.84452356571815
10089, 14.005083644638402, 7.268891533480384, 35.506842060467356, 56.30632760560983
10090, 14.292348986223814, 6.619899290262298, 36.6682123811732, 51.18710874101553
10093, 14.107711200085673, 6.563886994362527, 33.415299954503105, 56.39014667331066
10094, 14.207023920958196, 6.756767482473564, 35.406337218847476, 54.87878290373776
10097, 14.357997188117173, 6.864222068044872, 37.845159605718386, 51.274561002676414
10117, 15.467991377969012, 6.682571553234301, 44.13410625109789, 44.460337775101
10119, 14.089674182737747, 6.7517891686011495, 35.08520585130448, 54.69260543909918
10120, 15.282544148744208, 8.031762241511613, 46.168775716171105, 47.71627461636002
10124, 13.869198858446172, 7.031665038930323, 34.57151056426444, 56.046202963016114
10126, 13.400895219639013, 6.635989514789192, 29.673490998941055, 61.073067419696436
10128, 17.429428523492952, 6.706558499486138, 56.04351758259297, 34.869926052029584
10136, 15.429839035148182, 7.27316738291759, 44.34338141516802, 46.86940789148467
10144, 12.118610565861843, 6.126212837225232, 21.841893859516993, 68.8482201134709
10145, 10.662937379024367, 5.8914771927149365, 16.59074372844896, 75.26177596406313
10150, 14.964157995600226, 7.494034563459177, 41.2050516477199, 50.724180776292116
10161, 13.451501800401756, 7.029405189124997, 31.821653456440195, 59.45789982857822
10165, 13.055518070277659, 6.7320368077357715, 29.071604938271605, 62.0477366255144
10167, 13.234493289218916, 6.813348934796287, 30.197673255775193, 60.84369478982633
10168, 13.195184804172143, 6.8997928359809775, 30.327255804676984, 60.48332142204198
10174, 16.59918778633266, 6.961336533911708, 49.50461820292125, 41.26107354863971
10176, 16.671929536571835, 6.847618105521564, 49.85186524605669, 40.62508693354105
10177, 16.63772316628949, 6.779802229551213, 49.182083478353995, 40.87842360311638
10180, 16.496203076437833, 6.8630672541600894, 48.23543396250024, 42.08870064626723
10182, 16.740702027466483, 6.320409983000951, 50.90032760611846, 37.492045534893585
10198, 14.439463424897951, 7.344996645633202, 38.675400291120816, 53.180494905385736
10199, 17.254924328327235, 6.978000238296159, 53.96636286014972, 37.61640952324219
10200, 12.835333648478946, 7.255183684994867, 30.705105474787075, 61.61895267851767
10201, 15.960834632582255, 7.271207288691615, 47.10640378034871, 44.60681114551084
10202, 13.554720989026768, 7.495483747790061, 34.06697549887004, 58.62178658766924
10203, 16.816383505367792, 6.613465722166683, 51.28312357283203, 38.8368912962668
10204, 14.773549939711074, 7.063337837520043, 39.064078031148675, 51.70294477223196
10205, 11.460771437543693, 6.6618856388668695, 23.204572590987485, 69.34838367310839
10206, 10.135278913041834, 6.358600660890104, 17.561838635377374, 76.29936241946791
10207, 11.398467447986716, 6.609717619173675, 22.66790323827189, 69.79121813343933
10208, 9.50801316046264, 5.540537150546753, 11.987925830099181, 82.2447526499995
1021, 16.767537692514065, 6.371909014217454, 48.868634565596096, 39.48855160200576
10215, 15.469642928306365, 7.149003674699672, 44.25972525885896, 46.58636194876449
10219, 14.159470139441027, 7.299826494959756, 37.30760536752769, 54.16640979799848
1022, 17.78487020255106, 6.216747520787509, 57.61832741039036, 31.786254442207234
1023, 18.989690711707908, 5.843765042112863, 65.29078027530272, 25.027520864108087
1024, 18.30599485753498, 5.930187966598316, 60.60487768607331, 28.8497286043572
10243, 16.614798382227235, 6.204487986259524, 49.0093146358226, 38.12274262652258
10244, 15.573482930619054, 6.621991499145782, 44.1185238180409, 43.49698920884755
10245, 16.66015816891075, 6.213591432937659, 49.22347603536529, 37.88389948813401
10247, 15.610816611731284, 6.6200149855589565, 44.66136237159144, 43.10617113119858
10249, 16.127140447483114, 6.232782614562539, 46.033884603725284, 40.42406278419617
1025, 17.539446645711628, 6.329720315154572, 56.10167124435548, 33.80196452679112
10251, 12.193015258316976, 7.591916174415317, 29.218492644970752, 65.12182654626001
10252, 12.014676183630671, 7.602237762528195, 27.505075951270868, 67.00443675740712
10255, 11.944155783339868, 7.217999500971022, 25.821904506487382, 67.93485799894574
10257, 15.257847613109838, 7.284859554693673, 40.79929980095148, 51.14982283270042
10259, 12.667222097383286, 7.621277554118968, 30.47989294304977, 63.81915506318393
1026, 18.559621202727588, 5.710597782090179, 62.038590604026844, 26.713273676360927
10260, 13.682182845054747, 7.210183889812329, 33.73907270111763, 58.05364271669461
10262, 14.736418481809253, 7.445866564917224, 39.179172691163515, 53.04548702863505
10263, 16.758142323740948, 7.070577102161155, 49.460809086159195, 41.705710541417915
10265, 15.094946172679474, 7.165754727289747, 40.848374016061065, 50.50488987834937
10267, 16.278226565287827, 7.473109298839838, 49.05572049819521, 43.07589962179543
10268, 16.94754038570706, 6.974491711964733, 51.43764773565792, 39.66131795840264
10269, 18.618530232426266, 6.78249667768832, 61.97382724883379, 30.331218780531437
1027, 14.674827992361301, 6.658380414888451, 35.688984089147446, 52.571657179053354
10276, 13.224720158769571, 6.96769816954168, 30.528984172724222, 61.66679305376507
10277, 13.562372059629633, 7.03896385221038, 32.624669111973695, 59.366356848640244
10279, 13.949965583777331, 7.007205264491849, 36.285297488798584, 54.89632176721892
10281, 13.039737825226679, 6.873197278406597, 31.37916666666667, 59.961458333333326
10282, 14.266275354075296, 6.78883050102728, 37.71750078143993, 51.44653214322926
10285, 13.988213031325, 7.037592057628864, 35.448142278570174, 56.55044902271526
10288, 14.55143094839372, 6.819244115895401, 36.373919791652966, 53.612532389808884
10291, 12.239917540208806, 6.731387645200006, 25.205764889737804, 66.19204723042195
10292, 11.196084068364307, 6.440881456313307, 20.106946920067596, 72.5282992661867
10303, 17.639861337208828, 6.578673009103029, 55.705356850682286, 34.47756798324553
10306, 14.281602737858949, 7.355147434205322, 37.129107496088096, 55.52389950104809
1031, 12.159426970802766, 6.847126700611416, 25.786200887198984, 66.42110266159695
10311, 16.362503200313867, 6.579819022217284, 48.243310383987506, 40.93619135495777
10312, 16.443713984912257, 6.451550433665384, 47.69274659439412, 41.17989682143451
10315, 16.72616101576289, 6.3943978807014075, 49.85731702415562, 38.9772377111775
10316, 15.97725175888331, 6.60179944671759, 45.029771374028456, 43.525294304804326
10318, 17.515019923684704, 6.317480510241864, 56.857413847613024, 31.999156918537253
10323, 14.300976712545728, 7.364431080754992, 38.09248740412695, 53.307018388370075
10324, 16.41593933372451, 7.021108094767049, 49.37507930465677, 41.392272554244386
10330, 14.988866887782434, 7.1804428541899545, 40.85320445599477, 49.573701727989786
10334, 15.042880296684066, 7.192198155017709, 41.34090585499359, 48.94243090601319
10337, 13.964951390382927, 6.8365216531423885, 33.97373972359679, 56.951481576405186
10340, 13.449324428465847, 7.49173157438248, 32.84563067954506, 60.363681393000704
10349, 13.664074606744261, 7.362982785781213, 34.313066038869, 58.22182717947486
10350, 16.62868816311094, 7.268113307344454, 50.79432405336624, 40.56322459576875
10354, 12.336546057162924, 6.730003860097144, 26.106248766134264, 64.9497522867645
10356, 12.47565177771779, 6.9012581546532825, 27.024244377596336, 64.85729121902307
10357, 11.891150954201247, 6.844450767915068, 23.820006474587245, 69.11621884104888
10363, 15.931557429083952, 6.9247735048692425, 45.8578148422558, 44.43372331443734
10366, 15.812717360338967, 6.827048129960464, 43.99422236251805, 45.31906142087793
10370, 15.608658581143677, 7.6747050646763295, 46.58131133134795, 46.13581994824977
10371, 12.761751740494699, 6.915852288385549, 27.578156719447826, 63.76116524563541
10372, 15.677073810547267, 7.171127649006798, 44.890769105204456, 46.91079250210844
10376, 14.459322929515267, 6.556961556168356, 35.44301837717329, 52.65594277840566
10382, 16.943199795143638, 6.3332421237252925, 51.31480849665769, 36.71228376107257
10386, 15.179739593106682, 6.700670616684896, 39.50166908460921, 49.35983210558192
10388, 16.39904773957228, 6.6583908244350365, 48.70299524120556, 40.685359708873754
10394, 14.609742070225549, 7.00119635071333, 37.9853877220269, 52.29052031734
10396, 15.404855450536376, 6.993518240895269, 42.538817953524564, 47.54241384595433
10401, 17.097671098637512, 6.743782111150231, 50.810219285323456, 39.503626695848595
10405, 17.74982991965801, 7.098554646304423, 57.60634321016802, 34.78337858576319
10417, 16.045295753707855, 6.708378448723596, 45.71745588603744, 43.339060095207415
10422, 15.157395232043035, 7.147819554899445, 42.48855925516806, 48.31544895060754
10430, 14.142417136567234, 6.907867675998859, 35.48163277272327, 55.36553665138915
10437, 13.822009719005766, 7.790820310748884, 37.746944423091705, 55.78445691444385
10447, 17.165995858600144, 6.408348342176504, 52.7909938485198, 35.71583044982699
10455, 15.193305177796008, 7.049416267102672, 41.83121500983507, 48.75737630503858
10456, 14.456681208993025, 6.627887922037817, 36.51034407367932, 52.22459074635839
10464, 15.172907409209987, 6.468975094570377, 39.09091811118939, 48.69769703223758
10477, 12.00683146187516, 7.140817142734123, 26.391859227501964, 66.9266196496603
10478, 12.384126279807596, 7.212660797246196, 28.450958332066367, 65.01049046735791
10483, 11.763024540578177, 6.861128191742878, 23.738751622626562, 69.9104530153352
10490, 14.562048421609472, 7.091741838034533, 38.34056761268781, 52.97161936560934
10491, 17.111093314829866, 6.933676032452029, 52.201579637386885, 39.04006651104787
10493, 16.346804303833217, 7.000784005928327, 47.977569101104955, 43.00029863622789
10495, 15.86069975831351, 6.9444288903060745, 44.21712166741257, 46.3887645717452
10498, 15.261153226949084, 6.902860775980631, 40.70858196404769, 49.65430468526154
10504, 16.544739289977727, 7.040879977836573, 49.534271142745055, 41.6208036765118
10507, 15.406185461341597, 6.954364285941913, 41.412264083071534, 49.06832298136646
10515, 11.17392564889835, 6.411750204600354, 20.76053442959918, 71.11045857191797
10522, 13.640602043147322, 6.789595401405372, 33.12495985956198, 56.13881098670549
10524, 14.491385349920305, 6.388749318018552, 35.6752603722042, 52.322007853850096
10532, 13.549076244908477, 6.608577353087232, 30.138147853424996, 60.22281070221898
10535, 14.96132308720246, 6.756020609261451, 39.832579738482224, 50.04888182818037
10538, 16.142343506139806, 6.574189530146013, 46.54397723443292, 42.833339573894484
10541, 13.540427189081063, 6.617786887554361, 30.112232653349334, 60.12917343121338
10580, 15.14056310470169, 7.208264487847169, 42.176514410765, 49.30623457652372
10584, 13.239782788149189, 6.559353841893423, 28.496735392976262, 61.1994694208703
10587, 14.987309846111538, 6.703024129794513, 40.46716768178539, 47.931258047136815
10588, 9.102893891051304, 5.935041280414526, 13.736044841802936, 81.28688562560801
10589, 13.413555118837886, 6.44836801366929, 28.655152338443624, 61.434116048903554
10593, 13.412981556500139, 6.587099891722027, 29.58732212160414, 60.02716688227684
10594, 11.585467153466926, 6.461481590072735, 21.663042352697527, 70.35311173242208
10604, 14.25575961771738, 7.055068532822498, 36.46114396157453, 53.10867443596074
10605, 14.458294233200606, 6.6247941824631535, 36.38249665602053, 52.63287200065515
10608, 15.187974623633039, 6.702442290773226, 40.50021047742086, 48.45190228041399
10609, 14.411582020649178, 6.656520579328439, 36.35539437896645, 52.77754883375917
10611, 12.368973319180201, 6.774794283826823, 26.13984407629124, 66.41027425866629
10612, 15.485379543123184, 6.438243118246516, 40.950701542413654, 46.80468928583091
10614, 15.51950829461097, 6.962459279543101, 44.09566245339638, 46.19805401473129
10618, 15.152588540668736, 6.8529774690261895, 39.49485946699138, 49.62779779314847
10628, 12.165704162714455, 6.667138340214709, 24.77046738038319, 65.69829886013235
10633, 17.10249921186561, 7.0460689790528965, 53.59868104290988, 37.444374735552024
10634, 18.379906974468014, 6.228380970257435, 61.381697171381035, 28.60698835274542
10637, 16.524762675292727, 7.138795361517135, 50.69434465099874, 40.5868290070153
10649, 13.906927427337983, 7.141768805419725, 34.77691677025204, 56.76258231731507
10650, 14.910569904388026, 7.140520838322244, 40.12142237640936, 50.58376142504504
10651, 14.998474523516721, 6.358940798245043, 38.33193789568002, 49.9316969990746
10653, 13.948855173668544, 7.140593691367814, 35.45413350703787, 55.92483502789657
10655, 14.736223449041258, 7.239644565608177, 41.246112029590606, 50.917701123658475
10678, 13.688038663477565, 6.904949277575602, 34.15244680719234, 56.58450747859276
10682, 10.190897173597083, 6.019885997241206, 15.954535887181645, 77.5073668701326
10691, 14.844454739761247, 6.67873003355505, 38.30291413465893, 50.00895198576107
10692, 13.683492823030393, 6.9097657389005045, 32.36746334092408, 59.39515185051184
10696, 11.436708480221279, 6.913235800157359, 22.167604255181836, 71.87557142703483
10700, 13.082146141957693, 6.940768708718332, 29.76605797739154, 61.86734554902515
10701, 17.3657217837177, 6.332651605596856, 53.405151526447234, 34.754165579453534
10702, 16.872994893628086, 6.710583829833351, 50.75310323947926, 38.91916439600363
10705, 15.929408310644002, 7.042722229964881, 47.4095854160541, 43.71263353915515
10706, 16.282958463991363, 6.382962436678165, 47.05365339166781, 40.24102033242837
10707, 16.0268782649337, 6.655755822637003, 46.4600529512537, 41.87717385661631
10708, 14.391126823219745, 6.918880736060717, 37.05085810348968, 52.69808427703164
10709, 16.1002879123011, 7.067116037732584, 47.56294295709547, 43.19092243832587
10712, 14.711509922793262, 6.566536311319544, 37.61230450696935, 51.343032498983256
10714, 14.429689174137302, 6.825990952482272, 37.07848541462422, 52.355672296109944
10715, 12.636989540665738, 6.988249902414411, 29.37905139740002, 62.52169600793454
10721, 13.746848854619925, 7.085401623625564, 34.23077893568166, 56.718225631450125
10722, 14.69101443988148, 7.006260544924368, 38.28707520381057, 51.89246129889163
10724, 14.314281951306423, 6.858714844967569, 36.72483810778181, 53.27186916913621
10726, 13.684557184720449, 7.051647584232624, 32.30692263171835, 58.67217311974574
10733, 14.456814378493076, 7.2429548740330505, 37.975284365411675, 53.6556423861267
10737, 14.084001901742738, 6.928995903453311, 34.35522151898734, 56.924940664556964
10739, 13.276986371075372, 6.739990284747691, 30.049395798793306, 60.718375578990546
10742, 16.45296073543925, 6.640416030983037, 47.16753941362605, 42.39450029402705
10765, 15.081485516936002, 6.933529576516143, 40.60300007462872, 50.2612005273763
10769, 16.302037735005094, 7.232159559077066, 48.08094551509859, 43.57878277115529
10772, 14.004320379582824, 7.203750178734132, 35.372058873749275, 55.81395348837209
10773, 16.253080312790235, 7.253719097708427, 48.129172801904105, 43.70877624705004
10776, 13.430756112735295, 6.901145989561427, 31.384838988054685, 58.80456011264024
10782, 16.934478866079676, 7.198189843578995, 52.434377216985915, 39.86115333941421
10786, 17.24227979403003, 6.872963271994006, 53.497095730058085, 37.49124285017514
10790, 15.495817154772158, 7.243408485995817, 42.87180763368277, 48.61884468224096
10791, 15.191108133550198, 7.090392518557709, 40.00605489773951, 51.1823869752422
10793, 14.191117050585735, 6.65090946072822, 34.70585639260338, 55.4989187519308
10794, 15.250587436786038, 7.061501598235168, 40.19906967438603, 50.85946748028477
10797, 14.597639742655836, 6.903131551002615, 37.48593662103881, 53.72210763172698
10798, 16.283420864601666, 6.971160481574028, 46.57763637124796, 43.98347776335803
10799, 14.324535721652088, 7.174293690329201, 35.667067803036545, 56.13656220635993
108, 16.93730957775134, 6.731719612711163, 51.10145029157756, 38.98841870303498
10801, 14.201925573320368, 6.544947190614628, 34.150172792962614, 55.45083254791078
10803, 17.735032776059835, 6.740713924586396, 56.387828275883955, 34.19569103197352
10806, 15.911122820192794, 6.450691903038321, 44.22249948517922, 43.51507516383414
10821, 18.962355106127404, 6.226569213303139, 64.9691285950475, 26.114126119730614
10822, 18.284864831355428, 6.748102907325481, 61.54281962967293, 30.89686058327863
10823, 18.592850943332, 6.682294939781001, 61.9743400730132, 30.263619769727608
10830, 15.918261014870449, 7.433441472111134, 46.839770837183515, 45.33357974496396
10834, 12.86457230081781, 6.7227028703469625, 27.408257934138614, 64.2134754053185
10836, 17.53366806628775, 7.372579055730117, 55.315124538697965, 37.54561621727197
10841, 15.952940609344873, 7.409459210989662, 46.89263895746802, 45.28740306137268
10845, 15.96216387660917, 7.423115747246135, 47.023557080618424, 45.12086979989976
10849, 12.93258868989684, 6.909304115195266, 29.006417719986217, 63.08460399221304
10851, 17.596197929682017, 7.411126999167918, 55.84167612756734, 37.21746310248736
10853, 12.537999588456895, 7.1370397505741545, 28.393918821617397, 64.61766339566746
10855, 17.608585238608587, 7.377440400035758, 55.87060794528722, 37.02407454157391
10865, 13.018935131150721, 7.0232348691203645, 30.429911491806116, 61.673609484330285
10867, 16.99340832908642, 7.517824589177097, 51.309454169104086, 41.22193223237186
10869, 12.823641910643637, 7.11053377469183, 29.65839933942934, 62.871443571159155
10871, 17.044526232986353, 7.496321336034414, 51.63406940063091, 40.80527674218526
10874, 17.582612800980236, 7.114592202086845, 55.69053424961206, 36.40730067243035
10882, 16.01038279823963, 7.2237586654711485, 46.35351933599051, 45.71779596851383
10884, 17.84245006155962, 6.927970707769058, 57.68172735058261, 34.16681805205927
10889, 17.202313493804123, 7.102712463517128, 54.69467287559034, 36.713013419641776
10890, 16.740407301989883, 7.159331352982797, 51.234303870948025, 40.32721273410528
10893, 16.429496453734743, 7.070469063073481, 49.09729929707732, 42.5
10895, 16.063874461716907, 5.943685650682227, 42.1945866861741, 43.417154352596924
10896, 13.152014604031468, 7.07602437501705, 30.49776836371889, 61.380399425069974
10905, 17.528726200019356, 7.068026180800776, 55.91821033319524, 36.08628750665799
10927, 12.117114632542387, 7.491614660262165, 28.375690607734803, 65.01773771445187
10929, 11.838292698870577, 7.194105545713525, 25.23817698051669, 68.1132520813664
10930, 18.154823629568853, 7.180982878737505, 59.773480046147554, 33.25104514272246
10931, 13.941348127608443, 7.155270801110196, 34.717144804510816, 57.164101156913596
10933, 17.26340959632718, 7.0118226207509275, 53.6118138607789, 38.014604415823364
10941, 13.797081451680354, 6.703011786165874, 32.99829448550312, 56.577600909607725
10945, 12.017216182522889, 6.241911742710395, 22.000780335544285, 67.45610612563402
10946, 13.152125299004943, 7.144458075586656, 30.81456241533885, 60.9671968607298
10947, 9.584467369933593, 5.59404377976323, 12.424555434034106, 81.66545145218132
10949, 15.72717645518213, 6.9948247982894545, 44.76615897960282, 46.20311070448307
10956, 15.060803791013509, 7.0380271044181315, 39.72082331678043, 51.299373563319236
10957, 14.782431498136129, 6.75954984872554, 37.57034162283613, 51.762242761578925
10959, 13.980041764145549, 6.914354816110057, 35.45882156475271, 54.52327275088833
10961, 18.230086760412423, 6.73057528275718, 60.0141356175366, 30.78188953120385
10967, 15.080178068458931, 6.721261357144367, 39.472416655564324, 49.13862898019
10970, 17.13956034409449, 7.003435316706611, 53.53932047594281, 37.58823092354559
10972, 14.510241620169984, 6.534452925390875, 34.95871565178496, 53.070636734003074
10973, 14.95062752997555, 6.7426668629161535, 38.64457399220105, 50.69381952867222
10975, 16.621506006345907, 6.577089295904216, 47.82253051074829, 40.73683866112619
10977, 15.529039167477638, 6.8178420268354625, 42.09847754433956, 46.96181528733828
10978, 15.775550737020565, 7.001164019478549, 44.572807903895814, 45.742674301111485
10980, 16.37335605020196, 7.113613473122259, 47.814947840690394, 43.827304264682446
10982, 14.878149917801275, 7.19021021781183, 39.439160380452606, 52.04472777959987
10985, 18.187406390985096, 6.6487434336157625, 59.58121827411168, 30.68484900628065
10987, 9.394388351342661, 5.404393639762674, 11.494365989273238, 82.0744968754613
10989, 17.513182369052817, 6.943796346134648, 55.62442060654218, 36.16607071911005
1099, 15.85313885807314, 6.551996536956955, 44.22482349140915, 44.937010659734504
10993, 15.817519779102733, 7.209019233599672, 45.03767539015081, 46.25488030271547
10995, 14.450416832087434, 7.065179245122332, 38.0112986674818, 53.03694143486284
10997, 17.716736586386343, 6.552046851419449, 56.008120248790604, 35.303645473393225
11000, 18.852158388353665, 5.460730987651405, 63.41744561344679, 23.368403403613193
11009, 13.75648448485425, 7.290406766136783, 35.63818649850353, 55.70198667339976
1101, 16.181456401753863, 6.994360653675172, 46.67924073999759, 44.17713391388097
11012, 13.75575119831709, 7.317903437534686, 35.711383365141906, 55.775410946253764
11015, 14.030277425004344, 7.5105692800459245, 37.3330943632942, 54.56582131015324
1102, 14.416236621002062, 7.574073345896011, 39.94643388552723, 52.78841384783256
11024, 14.223824885377395, 6.628281705600858, 35.706097935065145, 53.26208043397537
11032, 15.549347997044594, 7.129505161100789, 43.49397447595123, 47.17683165266438
11037, 14.252311653420477, 7.614961989210411, 38.285661390354534, 54.68954097112941
11038, 15.664070000350607, 6.988877765841931, 43.397972403298446, 47.18480741944107
11039, 16.077100552753997, 6.954199115079466, 45.70578745714862, 44.48779995966929
1104, 16.279482876842277, 7.061367729823247, 47.1061208552144, 43.08345751420443
11040, 15.64992719945061, 6.985050709260143, 43.14696695543178, 47.329849282804496
11041, 16.08346043084703, 6.968515855144251, 45.717323953742806, 44.7786832445476
11042, 15.679974571350595, 7.05402409321388, 44.565357599352694, 46.80277214254723
11043, 17.383903579167608, 7.322991044814274, 55.023209549071616, 37.07034703801945
11051, 16.828993040730488, 7.181534100766575, 52.13967181347279, 39.31530501968871
11057, 14.731426855145427, 7.701750219699081, 40.529793906810035, 50.57683691756273
11060, 14.472510041831933, 7.153742370010337, 39.37350013489911, 52.11365604987007
1107, 17.848729324498436, 6.1900240014585926, 57.248169283142715, 31.675687590311284
11071, 12.217561061326933, 6.887362004786752, 26.32551599457641, 66.12765530055742
11075, 12.529847790351102, 7.351959704348644, 29.87798636559052, 63.54433230290499
11078, 15.776099961927523, 6.744109168056227, 44.548261936812104, 45.439068809882016
11079, 11.701790044912164, 6.755179728649639, 23.749249978570816, 68.54910140289722
1109, 13.069334046655936, 8.80227319429818, 38.593650754113064, 53.499059693871196
11090, 11.415198109575119, 6.70984312721901, 23.320786214756374, 69.56106487315104
11093, 13.191414780998965, 7.067134645111984, 31.281346151678747, 61.468324185422695
11096, 13.716314452775906, 6.820787542627412, 32.70381093752297, 58.380976176129096
1110, 17.934289080634034, 6.19780911310508, 58.91504176023005, 29.96720569942327
11100, 11.632321252036553, 6.925839570212028, 24.590949087223354, 68.90656152192557
11103, 12.101015414896706, 5.693648971035867, 18.612574399671615, 70.78196620373538
11104, 11.228286601346838, 6.715021648962533, 22.288655985964265, 69.75852994136386
11108, 15.503455859275492, 8.398764217504842, 49.28365920967647, 45.24249897246198
11117, 16.040794493116117, 6.741526245066355, 44.35346440001663, 46.09085996924228
11132, 12.295722503992614, 7.340696726353005, 29.238549124471664, 63.96532390235487
11133, 13.773936294968877, 6.8827111295840195, 33.431773046726285, 57.13550723892039
11136, 13.331918610906675, 6.692699222827763, 29.92848580050432, 59.64821627878136
11137, 13.418179679280948, 6.8897067690610925, 30.549710269620295, 60.25562615969897
11156, 16.305360273593283, 7.4589682012191565, 48.49230984666371, 43.44878287861461
11160, 14.964330898911797, 6.972948246495252, 39.61935371449592, 51.013572382814765
11163, 15.010172714860177, 7.045613197339447, 39.3795182088064, 51.23620459129331
11164, 15.151575484988106, 7.266245725334909, 42.30283534275346, 49.03428199231679
11165, 15.361558151763107, 7.183390563550574, 43.509885474364786, 47.72624233703258
11168, 16.027020520508035, 6.980071002191938, 46.853552951113926, 43.5434484214972
11175, 15.126561098896103, 7.2810632998589115, 42.276260978004196, 48.98909496139457
11176, 15.973390115312114, 7.002221013519059, 46.70002382654277, 43.778624943742884
11190, 15.31374232447043, 7.14475633869501, 42.28194138769837, 48.772153364994786
11192, 13.74183757315145, 6.917036810109073, 33.951630163373046, 57.14251741932416
11195, 15.7183873971084, 7.252452776907014, 44.875192687346185, 46.46401817345917
11198, 13.735032694742344, 6.278449722830587, 29.6374837471364, 57.02588075041793
11199, 16.771185919145783, 6.251629389228554, 49.50313511555787, 38.11485614686375
11200, 13.454790656165818, 7.615765508364231, 34.36120809854692, 58.93340708219541
11209, 15.01297193288565, 6.810172734052322, 41.057985415228124, 48.44805227613386
1121, 11.523748308005848, 6.643574833191815, 21.87618975100891, 70.67387497144597
11210, 16.464325745608907, 6.8213798655018065, 48.964188931938814, 41.483953326913166
11215, 14.474910809304367, 7.166543358842992, 37.318384489594244, 53.741720685638995
11216, 12.077950384490425, 6.26235501804233, 22.197694017272497, 67.49548797040705
11218, 15.430479332565799, 6.554085620785018, 41.45987363892996, 47.75104180669445
11224, 14.86740308733724, 6.446331926965859, 37.98106078275878, 50.8280076503242
11225, 14.700758316552802, 7.2455529815671245, 39.85927692544999, 51.34019150678105
11226, 19.369731021356543, 6.318560166198465, 67.24785244766291, 25.07563515303209
11227, 17.208033236382537, 7.0168895620932945, 53.33474201851781, 37.57347573859926
11229, 15.69139346155967, 6.553477611335177, 43.029463210740325, 44.67413280025443
11240, 18.27661618823813, 6.676006826332703, 60.02912559211369, 31.56446037639227
11243, 15.18401729425369, 6.478532067083014, 39.63177949503223, 50.97752929026744
11244, 18.780846339226834, 6.596484700395096, 62.900227225779794, 28.824623011774424
11249, 17.231055219172834, 6.608762164487235, 53.89112362563691, 36.32072941807455
11253, 14.58524460151628, 7.089511337393251, 37.9463680077177, 53.336549042070516
11255, 17.632713320693796, 6.418184166285143, 56.10969069593415, 33.8036293339985
11258, 13.43212954264772, 7.297358307796087, 32.51633700660488, 60.48283957322308
11269, 12.69331326520073, 7.191040660760476, 29.487357118115693, 63.206327213947574
11271, 16.837257998619993, 6.728052664178553, 51.38180316017763, 39.26985438397191
11272, 16.720804929343316, 7.592020613165753, 50.54454782438461, 42.2181694538036
11283, 14.052680963990849, 6.6063924731126615, 34.233720841881315, 54.61970974849935
11286, 13.779284858259581, 6.661662219213417, 31.43738267632073, 59.239295610977024
11395, 17.519305174506883, 6.740369285360939, 55.23695917342326, 35.66675037669513
11396, 15.004677273712751, 6.931251228689919, 40.103136609799826, 50.03419403729923
11399, 14.50101670749685, 7.328222674375457, 40.69554391487162, 49.742782645462874
114, 15.05291288428683, 7.108277171350107, 40.50086792389234, 50.60249085730657
11400, 14.782114721886012, 6.994731471100125, 38.36016300106933, 52.57940521950233
11404, 16.451219032497928, 6.730841800665134, 47.88924314384368, 42.00743494423792
11407, 15.81189102209445, 6.948740565707512, 43.822667418853285, 46.69565337039228
11414, 16.001377386266483, 6.891196334370791, 45.713421321332675, 44.63815250412838
11417, 15.262043010487305, 7.3677139492007635, 43.43378629092915, 48.62232362232362
11418, 16.882102603688445, 6.785235890000457, 50.89903007641442, 39.612532466717695
11421, 14.206982171936751, 6.94558525547007, 35.24614129849345, 55.5391410061093
11424, 12.933620314654002, 6.751579815004249, 27.901591895803186, 63.118668596237335
11427, 11.774313423310376, 7.027834585115182, 25.35768291264395, 67.07625281546416
11430, 11.347485384023722, 6.872539418095946, 23.205049820711533, 69.52922319348282
11434, 13.533747269420086, 7.464997829746426, 34.14345121188514, 58.54902950438341
11437, 13.565580349326144, 7.314589440197858, 33.75960234975147, 58.845458653411654
11438, 16.44182611725971, 6.552511400001056, 46.05178686068906, 41.92167772309009
11439, 17.475995119804793, 6.8405057212059415, 54.8744019138756, 36.578947368421055
11443, 15.33613404334473, 7.718517961460381, 44.65935106970869, 48.859240546301415
11449, 18.206621415169494, 6.724059997225164, 59.77694575001992, 32.145303911415596
11454, 17.422831062145573, 7.436248743764945, 56.62463710366027, 36.84180565833665
11456, 16.892184151489907, 7.54530524062239, 54.37350234661903, 39.24170884909326
11460, 18.192213998916664, 6.7104144625895366, 59.4212981263341, 32.45157719977863
11463, 18.341294845743274, 6.702645131740213, 60.74468549478371, 31.365402243659695
11466, 16.32312358377574, 6.824347455932968, 49.5577791271748, 40.82688702906777
11470, 16.63488966245673, 7.032905730098716, 50.28984253331026, 40.954317355943935
11471, 16.921424337939623, 7.095355217506505, 52.647290441917114, 38.77808911598264
11474, 15.500875425519364, 7.500792876922548, 44.51121629965014, 48.32475818069562
11479, 12.787645296427886, 6.645400541157719, 27.011151783434066, 63.89716523367668
11480, 14.029536872038438, 7.020870012067249, 35.55026455026455, 55.1031746031746
11485, 17.018350933823317, 7.034087239579402, 52.617410671056454, 38.70824053452116
11489, 15.272119608642369, 7.146508026105377, 41.56902985074627, 49.24626865671642
11497, 13.23154770422908, 7.084369484177638, 30.793007015879763, 61.17225701996827
11498, 12.276059477548559, 6.961220053079428, 27.053935012050196, 65.1741045458323
11501, 13.898361705724822, 6.584314228479413, 32.021684134441635, 57.64221178171305
11509, 14.444382974765045, 6.6668534820652, 35.366946104581984, 54.947655529260764
11510, 13.794240605649545, 6.753371235101511, 32.352899465346816, 58.2488335484237
11511, 15.21605369744874, 6.829296706096395, 39.569356238548544, 50.86307842786098
11512, 13.58698346636573, 6.6719408336472386, 31.30119548372814, 59.64965685189285
11513, 13.970027172545697, 6.4984589682059255, 30.87026434035135, 59.363118584975126
11514, 14.005995358029272, 6.8616343982365136, 33.70938208000993, 57.015610936966574
11515, 13.641228073192668, 6.382710369246842, 28.868805096673828, 61.20700298787565
11516, 12.961301541786188, 6.930110436607639, 28.537584013596685, 63.34045785800736
11523, 15.408312927338386, 6.631750850660104, 41.38212232096184, 48.338734971249345
11526, 14.835090109686124, 7.164944621841301, 39.63453866941192, 52.081099243626596
11574, 14.059444962580978, 6.876939245749596, 34.43688821427291, 56.21914926675352
11575, 13.933393616773097, 6.780614381208649, 33.33132971881273, 57.31459553033673
11580, 21.070316069346354, 5.594730955896764, 77.94489972683056, 16.23192751016057
11581, 21.441206171791837, 5.4752578361092406, 80.00131716513135, 14.451771175487558
11604, 17.68129114783728, 6.893160140347683, 56.6596233180575, 34.570035582631284
11605, 18.66835348760411, 6.487162837245156, 62.8873151501097, 27.986585561640414
11613, 19.70803335129909, 6.616919947799977, 69.7857193205047, 24.156798477479384
11614, 19.575791860653393, 6.577666552903577, 68.60147761842677, 24.63798348544111
11621, 18.370683166872016, 6.104471994183197, 62.071547528369855, 28.03805884403362
11622, 16.7216894104616, 6.5856206009690315, 48.39388277627846, 39.39519756418241
11639, 13.687955414152603, 6.457529317060332, 31.07917946685165, 58.396591021702505
11645, 15.661665029965487, 6.9700150178047044, 43.83214676889376, 45.566356334428626
11647, 13.788964746135449, 6.55128951065075, 31.81516158260344, 57.4388402295379
11650, 13.528932148469947, 6.650568879960203, 30.854541060958702, 59.18959136174596
11669, 15.949457301411874, 6.331486808832672, 44.8734918013061, 43.0992047431003
11670, 16.243649423117617, 6.065700007518043, 47.3198954425645, 39.21341310030295
11672, 16.044905159994965, 6.289245114761252, 47.29082314035571, 40.52742034638459
11675, 17.058484311372112, 6.149276409551408, 52.995100363521416, 34.920776039197094
11676, 15.460248227031082, 6.861741220390026, 43.308352144469524, 47.071783295711064
11679, 16.88253623093826, 6.76472159855991, 50.78434687858122, 39.499145202802985
11681, 12.713891475192188, 6.424188269218637, 25.334003013561023, 65.77473631341034
11688, 14.288117554767858, 6.848647459869714, 36.58582988762335, 54.37837700717891
11691, 15.06017604555533, 7.344485131028153, 42.010671905280205, 50.135389843107056
11693, 19.050317233119678, 6.619008210712885, 65.13602941176471, 27.69669117647059
11695, 17.630465190267813, 7.033308669141025, 56.840353494777915, 35.072114464975705
11697, 16.597856403503595, 6.301525032381912, 49.89896974081373, 37.43732382069
11701, 18.126436617205194, 6.368614376484573, 60.13151333831962, 30.68125155821491
11702, 15.979561566281674, 7.271804171607047, 47.78941353308737, 44.376948781972445
11705, 15.897854834130783, 7.275682887318548, 47.48102396189909, 44.56764399464206
11713, 15.932083137504797, 7.316908235827913, 47.76339973175699, 44.41532959117779
11717, 16.817850551805307, 6.328916314697242, 51.08543417366946, 36.252000800320126
11728, 14.561314378827465, 6.978068884599172, 37.406252966678274, 53.45716907692795
11729, 14.764199976997789, 7.060567818892407, 38.61563868744166, 52.28054219222453
11731, 12.693456907847166, 7.23918014660137, 28.77141249118134, 64.79909316464928
11732, 12.472422151192252, 6.531363840956335, 25.140351433646284, 66.32755011418422
11736, 9.591823207745716, 6.545324180525597, 15.916419450535276, 78.27077690356421
11737, 10.490546565898258, 6.669432077363357, 18.30869077245889, 75.44039428097399
11738, 10.660666533924747, 6.792895697676174, 19.406087602078692, 74.64488987874289
11739, 9.657007822891824, 6.6893732927141265, 16.204160411752092, 78.40446064765173
11740, 9.194954355798822, 6.255793238074481, 13.732881015202917, 81.09058927000879
11780, 13.406082638885794, 6.992001604923386, 31.24829544543019, 60.68695554521681
11781, 13.429576633942801, 6.6612246876774, 30.687984192202737, 60.30408054449079
11783, 12.629132333164735, 7.038723592055623, 28.105858146299934, 65.0608203454501
11784, 12.868428197285434, 6.824814038459878, 28.11973018549747, 64.125445006558
11786, 14.2771959890129, 6.934192818166357, 35.40858246126697, 55.76512556806862
11787, 11.920400567783064, 6.901298394796825, 25.253773832265797, 67.64524103831891
11808, 16.554349882048694, 6.919060249551496, 50.03223726627982, 40.58258526343633
11811, 16.811320971300628, 6.5547471489427105, 50.91118468403627, 38.8988052396718
11812, 16.806177415517105, 6.577643001722739, 51.238772942248445, 38.62107866533605
11814, 16.57604199239292, 6.503851472187437, 48.39013220833399, 40.330599250348946
11816, 17.820762821920756, 6.506782543973165, 57.73281268488937, 33.11926506814686
11817, 14.79982562763779, 6.480793351574627, 36.88740063841773, 51.699317769293366
11818, 17.358647966083527, 6.437277624003832, 54.59115122583501, 34.835527875693536
11819, 16.8537362014048, 6.4162360156521006, 50.452991037422414, 38.3024586311405
11824, 15.664517655033707, 6.666528534818686, 43.44119327579467, 44.856103208733046
11825, 16.607012143666864, 6.308328144953159, 47.925855006042724, 39.86627532842591
11826, 16.61582998327076, 6.317820372853961, 47.75126448653493, 39.808922034722116
11828, 17.739609515626622, 6.506586954260449, 57.1997067755786, 33.537543198240655
11829, 17.705204399196113, 6.495837465720738, 57.012038385742436, 33.65178647930769
1183, 15.753814571416328, 7.117070744885559, 44.12516861510791, 45.33779226618705
1184, 12.425926193375206, 6.920836975762487, 27.91747544262102, 64.20945826716076
11859, 13.944051479859203, 6.443627160668894, 33.396261643466175, 55.600273841877055
11868, 12.291269593676242, 7.383187040900333, 28.855335583736274, 64.23531916187696
11888, 13.351845046544552, 6.959785849498743, 31.687898089171973, 59.84968152866242
11904, 15.473083491259619, 6.5171192438918215, 40.76017546782165, 47.678938308623465
11906, 14.426235916539081, 6.420633842692367, 34.103163855718336, 53.37683121999262
11908, 15.480926679897202, 6.678476694008297, 41.47287939988459, 45.14425851125217
11909, 15.237186394152074, 6.75972345647776, 41.52585564746932, 48.214215705492606
11912, 17.91365408292557, 6.937658802607751, 57.33956651083722, 33.9764839212353
11913, 14.952934558465405, 6.630617411621819, 35.71552448671941, 52.63410664496592
11914, 18.791999417934097, 6.354375810374917, 61.33821609038779, 28.478964401294498
11916, 12.395068498214664, 7.264022218273034, 27.85385172913647, 66.51480637813212
11931, 16.54420630994736, 7.005883151830691, 49.696230573861286, 41.49725320831981
11943, 14.881681529814681, 7.526786211893811, 41.96479983977168, 50.723531031720206
11960, 15.98618476996444, 6.749314247521572, 45.61296440609537, 44.028092050287775
11962, 16.474982395129512, 7.236329794409529, 49.69590631746, 41.727370402862526
11964, 15.756982041654352, 7.65442807840523, 47.28805922111361, 45.14065014483425
11966, 16.10945624265031, 7.4339843913655645, 48.30930432522146, 43.42118418684637
11967, 18.72316485227537, 7.020189338134612, 62.64208300290775, 30.652165703712097
11972, 13.975859150793527, 6.958574135044671, 33.49003626095048, 58.07207265025832
11973, 16.129820071801795, 6.6566926773533055, 46.231778015421845, 43.21072775370068
11974, 15.499743678832239, 7.160603583507705, 43.106284436636585, 48.215283877665094
11975, 18.641207862562165, 6.844594843423598, 63.032760447864355, 29.737824263926647
11977, 13.830760781267779, 7.0820599139235965, 33.412946096851584, 58.49733562618093
11988, 16.853109932039395, 6.8103994109542185, 50.998527844053, 39.36646530280725
11993, 15.391518458672671, 6.566909013944324, 40.66473596090321, 48.70582379293181
11994, 12.73951319402479, 6.3299801500577475, 26.581613800346176, 62.53136000311169
11995, 16.782553984282767, 6.948097712205044, 50.842179138520926, 40.23598561277305
11997, 15.203217643218968, 7.082221061421097, 42.14525434594065, 49.00071646743844
11998, 16.41906353843991, 7.000436709399264, 48.02531242175229, 43.195010357150984
11999, 15.748194954096386, 7.174868738351856, 44.36698846568369, 47.22190373546745
1200, 15.037283421891027, 7.323347315559987, 40.63088290662651, 50.967149849397586
12000, 16.24030852481098, 6.127194941370329, 40.80052982325427, 42.34032865598742
12001, 15.119324472273039, 6.612040348532005, 38.996121981315, 49.88762559492332
12002, 15.569641094817273, 6.616798315013347, 41.90706174128704, 46.94774398468433
12005, 18.408388489126814, 6.345573172224112, 61.74515761488796, 29.23851120394987
1201, 14.338416736969428, 7.139920863736624, 37.44558365249661, 54.41040036158622
12347, 15.796919575688788, 6.678758294111633, 43.71720704964348, 45.60358247967558
12354, 16.613069522421355, 6.74481843675832, 49.67269824374667, 39.86961149547631
12355, 16.09246352057794, 7.026494763422349, 47.1647391332597, 42.66454421415113
124, 15.602834870162704, 6.8333072793770535, 42.01136568895805, 47.26209167581387
1243, 11.903702063351803, 6.6567242959511725, 23.782933626076677, 67.67860158756966
1246, 13.858279177118407, 6.54481531699786, 32.813844734086125, 56.1918686036022
125, 15.635399487409268, 6.493829843048915, 41.1446249033256, 47.36514868901931
1259, 15.396800090397605, 6.423284743666671, 40.846616700095005, 46.05932650691439
1260, 16.28641499835537, 6.987596149995483, 49.984142401236895, 40.63807013023053
1261, 16.523643730806263, 7.155552133099201, 49.7422443155666, 41.33641719598637
12815, 14.409905789345132, 7.16171810034294, 37.70303096222174, 53.3953302878689
12871, 16.380852873441935, 6.9132889095892125, 49.30558298118821, 41.72689335597594
12880, 17.704029227923748, 6.44987274908718, 56.99825319481475, 32.88682541141859
12881, 16.948160699292462, 6.51870496399323, 49.94877961874221, 36.75173703901657
12882, 17.984663698891776, 6.549613888731562, 59.473029298387594, 31.670451875636306
12888, 12.105698943999498, 6.520592102251, 23.73742784026662, 66.48336606558352
12890, 11.431539912957682, 6.783143540947476, 22.89407932896087, 70.0843260607683
12894, 11.656678611088992, 6.746725765855011, 23.969006243887762, 68.33972767622056
1290, 11.333970214676077, 7.054621301310902, 24.11781050291748, 70.04470938897168
1291, 10.31561602531142, 6.915123960046208, 20.486189152422074, 74.22960903767671
12915, 16.042015531372137, 6.937979726211053, 45.91575238247778, 45.07988307840154
12945, 16.275998807826035, 7.151872264956289, 48.34947532512521, 42.32762229182604
12948, 11.311470400941662, 5.598606630643128, 15.210508907054765, 74.67277796153664
12949, 6.829588856842915, 3.9991922772920407, 4.520135732121135, 93.34384403610987
12952, 16.992391528601388, 7.089254185327342, 53.286020626978456, 38.17114265291535
12955, 13.6047737013934, 6.527426252587264, 31.289549981091643, 57.86209504601033
12959, 10.835260255351523, 6.120966438600548, 17.186012402542264, 74.83338908473355
12962, 11.070184867202077, 6.8000949172531175, 20.69208646442156, 72.30726412468688
12963, 10.631518000430923, 6.235656319737332, 16.612633486868535, 76.05785131688357
12964, 14.002395843504706, 7.005890396701407, 34.5135572767871, 56.46200971544674
12969, 15.264537340423157, 6.779377485732654, 39.78122631873744, 49.818237729673925
12974, 12.319128086297297, 6.879306744092169, 25.79699413636455, 65.99791870959996
12975, 11.608114762755223, 6.728503790607046, 22.022148955955704, 69.35591437239928
12976, 15.77921249176625, 6.808102468257317, 43.43650277287232, 45.99146967396805
12982, 14.806905769008923, 7.117017951430286, 40.029983223672474, 50.60144918914416
12983, 14.773705062511901, 7.0806212417406895, 38.82281726249822, 50.80235484024118
12985, 13.65691820945745, 6.824745377394411, 31.04191779426495, 59.993888049438894
12986, 11.324696946477829, 6.839446211460742, 22.12009623410419, 70.97756174203369
12998, 12.187104913546264, 6.998194056214125, 25.859315325324626, 65.85951372424535
12999, 11.439251216086955, 6.6424383036353225, 21.09201384005176, 70.82243288606337
13000, 15.87388065437537, 6.75127302808728, 43.7668522784797, 45.43425932621879
13006, 14.898936584603707, 7.092309924244664, 40.215422856128306, 49.865656625436465
13008, 14.778471175036803, 7.076322264123767, 38.82591717802333, 50.79463045826261
13010, 13.675095927390442, 6.831459520039645, 31.121506415145504, 59.92440806088032
13024, 11.179515824598951, 6.493026731777648, 20.739790981227017, 72.58322043739113
13031, 13.536841104838466, 6.748749299316203, 30.159601727798517, 61.32586572955561
13039, 10.585404308234265, 6.200780319236677, 16.357505782252897, 76.36103551092822
13040, 13.528822480015423, 7.147123768905663, 32.52326837044274, 58.42135033681287
13045, 15.36022232757337, 6.755645056277037, 40.08125171561899, 48.42602250892122
13052, 14.073328218899842, 6.815305155697082, 32.80206883951034, 57.247262863487514
13058, 13.55538619909691, 6.920561209444902, 30.715338715338714, 61.121797121797115
13067, 15.315012961590043, 6.903763120724865, 41.79313130057938, 48.81094766927104
13068, 15.619058536990455, 7.19302266269136, 45.66109956979046, 46.13629300050709
13076, 17.35979944885718, 6.642328440067358, 55.37573246903775, 35.41179248320419
13082, 12.831593046841439, 6.4900074100849325, 25.752051048313586, 64.85870556061987
13089, 16.899274030266955, 6.828742858588873, 52.467850960349516, 38.468592861264526
13092, 14.27906333023314, 7.5979966622158965, 37.80982198406486, 55.990727918598346
13097, 12.049117558673672, 6.400367351012387, 21.959407644723164, 70.06356401560983
13117, 13.75396398301597, 7.190462032644919, 34.80431995087681, 56.24153437720106
13132, 14.24368017178016, 6.560778201832942, 35.223479228486646, 54.80573071216617
13143, 16.147929977605383, 6.354181989557715, 44.74740829798335, 41.77574121543452
13144, 14.790838589699238, 6.464180660227422, 37.81565509361811, 51.71963532072657
13162, 17.019069503984678, 6.793030550136198, 52.90549638062736, 37.40151707037447
132, 11.523561785756984, 6.364878150655759, 21.03471105646458, 71.88550596287284
13203, 14.80671942074017, 6.882974005138975, 37.20342369636535, 53.21041234909807
13204, 15.14005544800894, 7.3639102911115675, 41.44693554881223, 50.51802531695293
1321, 13.816774044284374, 7.217308078091532, 34.41197913745724, 56.87286186977736
13214, 14.332062967355325, 6.438183215561541, 32.86097636494995, 55.96449582000207
1322, 13.464414074747568, 6.9759140379584075, 31.564252742343772, 59.152727453218844
1323, 15.219186014402919, 7.4570381775078, 43.62300327903393, 48.542871064171614
13240, 17.674547011811455, 6.367395682827253, 56.01869555980454, 32.916932228595705
13244, 17.158949165717214, 6.228328880845646, 51.28677344232688, 36.70809372178128
13255, 15.016209355722914, 6.997971355154426, 40.9336661658405, 49.51435635950643
13257, 12.273476972030283, 6.443898413029469, 23.697611143006913, 69.2019670003245
1326, 13.536729015988186, 6.982367904865284, 32.68405678031859, 59.20968551736729
1327, 12.073349987487655, 7.700675664422631, 29.827651557378875, 64.78785311364294
13273, 15.698104843333615, 6.587445492141672, 43.82960369411884, 44.44994164510073
13275, 11.70414280734447, 6.4561011044360095, 21.784942209814968, 71.36023967181303
1328, 14.072610951145547, 7.5121311959755745, 38.51927501814916, 54.07217826777079
13280, 10.753626217173757, 5.816885985307966, 15.854188810513092, 74.80070538216252
13281, 11.535654645719498, 6.203029386967293, 20.340808462771943, 72.01732762128138
13288, 15.37698527465847, 6.758395594821728, 42.365530649208225, 47.58478589588076
13294, 14.617830337439537, 6.9999884671865695, 36.53889662891913, 54.026601888567384
13297, 20.478159361989665, 6.076029780104517, 76.88652223726695, 18.379595875429644
13298, 16.476715452614222, 6.756755277831392, 48.073022312373226, 40.97363083164301
13299, 16.591057016708042, 6.780769781004861, 49.45543950908278, 40.0028447189824
133, 11.800212491845178, 6.838416323966698, 23.869087376282714, 69.83043900661849
1330, 13.087301316079563, 7.4723358345054605, 32.51302578322413, 60.60063954918491
13300, 14.291049773155926, 6.732181355473818, 34.52640768223483, 55.7971409864688
13302, 17.509073057343667, 6.979414096288929, 55.388002117002756, 36.46077025150913
1331, 14.245794138553864, 6.614467140586899, 35.719865199633986, 54.06744481888991
13312, 16.996034484986833, 6.95265876630812, 51.83784482016247, 39.15664379826047
1332, 14.975863292211688, 6.41824634752255, 36.93528162981539, 48.01921811568114
13320, 17.867741175379482, 6.665790847005767, 58.383748472459, 32.48344220991808
13332, 15.82376019737302, 6.658435005304711, 42.89627266360594, 46.97688895805774
13333, 15.544630853051, 6.9246092569357955, 41.39728005776869, 48.76158382476832
13335, 15.103535428286321, 6.86255428250041, 40.745375475461834, 49.67848248689769
13343, 12.984861796268154, 7.42266451221378, 31.064592835145987, 62.26562195454722
13344, 14.91709457032544, 6.485035277379359, 37.31870115049297, 50.826045993179314
13345, 13.927342432434001, 6.696021897965344, 33.00302050765725, 55.9933230883366
13346, 12.168922982077282, 5.937223711516327, 19.33482908802956, 65.04836064028356
13366, 15.898324604102454, 6.85148199109732, 46.00997506234414, 43.8824812967581
13369, 15.244490255958153, 6.3891478944993425, 40.25192071481901, 47.8239926784037
13370, 15.196164128610738, 6.327737942928254, 39.84884919271728, 47.83334151248957
13372, 14.739866118604732, 6.336070620646923, 36.717621733562225, 50.81337366140767
13374, 14.820514442847392, 7.504422536619986, 40.24122162530711, 52.294074082781805
13388, 18.47466150843429, 6.348722088395524, 63.090360445158076, 28.514478711034823
13389, 15.546751214379455, 7.278815517019049, 45.54143932454499, 46.580907244414355
1339, 14.244621849819643, 6.028575698378654, 28.864042731367267, 57.39650996989793
13390, 15.211425135939287, 6.9989953828602465, 42.99772283669486, 46.3524723487313
13408, 13.992403839319408, 7.151015000633576, 35.4197614224623, 56.08147647985595
13413, 14.017100661524593, 7.125171390234389, 35.431464490563215, 56.068487444324575
13419, 13.615245063389667, 6.996317263625793, 32.415775604869445, 59.67464448267602
13425, 12.77725301153962, 6.959818760148372, 28.709851261047643, 64.04289717611555
13431, 13.184882753667969, 6.894752379667955, 29.4984243697479, 60.91911764705882
13432, 13.507311678951, 6.9961402384894775, 31.88448649714173, 59.87778434851173
13433, 12.584004618801282, 6.698952810718706, 26.41224665804226, 64.56600751555473
13439, 11.553588999885092, 6.301539039971138, 20.447183038239377, 71.23648081175119
13444, 10.97556417345, 5.73732519557873, 16.15214336232789, 76.35550330207309
13485, 11.403238733376158, 7.269534473974642, 27.070082537052926, 66.28849510398486
13488, 17.103403778665935, 6.775878030982629, 52.45865490628445, 38.02278574053657
13491, 10.594051344482104, 7.198020584035959, 21.620079068990478, 72.05857787181914
13528, 12.78396971225249, 6.89163965322332, 28.75778273394666, 62.75322925378683
13533, 11.113117604975002, 7.544655911086496, 25.7323191454928, 69.21254017062401
13539, 15.200690185905401, 6.155775760833329, 36.9480511074577, 48.78380302657639
13540, 15.990517191782603, 6.458469676536341, 44.32572476786626, 43.695985173698446
13541, 13.615172084569162, 6.875946110658678, 32.41607300833449, 59.3565209293663
13544, 12.335397937447786, 6.141192790592939, 23.38142378430921, 67.00048602051518
13548, 16.173741281339577, 6.79628103220816, 46.14374034003092, 43.79572385368367
1355, 12.956395254113213, 6.229283288633957, 25.578611869444185, 62.67432321575062
13551, 16.155668925924132, 6.804537512511217, 46.075946125876996, 43.857223331797
13554, 14.202843731947457, 6.849232163999396, 34.1012545247186, 56.0926265681559
13557, 13.914304228052469, 7.26062272688551, 34.40116917890784, 57.058277594649084
13558, 14.93617665113803, 7.01026193600927, 40.21038344078724, 50.329996606718694
1356, 15.55921706123053, 6.3331588753321375, 40.47133894578798, 45.60700305646415
13566, 13.937434023463878, 6.701437623706603, 31.249512214157498, 60.77161216472853
13568, 14.991652043013103, 7.385594463632879, 42.31877928524524, 49.21479370944585
13569, 14.663238717785042, 6.636960567404771, 36.839555115075434, 52.77502477700694
1357, 12.80448076863398, 6.6904352121050215, 27.545916323075133, 64.94978609003607
13577, 15.367048933225814, 6.512877238078678, 40.354123190120696, 49.0436952733375
13579, 15.287209306539333, 6.444896553748568, 38.297774136598086, 48.956301997392195
13594, 14.840650027066438, 7.225080116664095, 38.08528299566514, 53.12509607403081
13595, 16.860694500422376, 6.811316095316961, 48.10021439234922, 41.965899269270054
13597, 13.407018082171678, 6.883909267931017, 31.017920056776415, 60.72035079715105
13599, 14.066408341669886, 6.758926582691268, 33.46987799481636, 57.43599468992983
136, 13.118813213355958, 7.03263173658675, 29.845460399227303, 62.31300259063478
1360, 13.906207894785384, 6.233161784121978, 29.0265658642405, 59.3628077900633
13600, 14.167079884332818, 6.64045969525175, 32.81047980336161, 58.01116746941734
1361, 11.7305126983395, 6.487635751008158, 25.034104656250804, 66.37666984118813
13617, 16.727861620720134, 6.74993775418715, 49.95246133845587, 40.33800958534645
13618, 16.561823230539513, 6.526108642487241, 48.853627531099605, 40.45446290747299
13620, 14.482981749390646, 7.033715479958468, 37.1391192295964, 53.486587777023644
13625, 15.768524148755798, 6.953388058057723, 44.77613225417599, 45.49250904081281
13628, 19.02151686412895, 6.90062821890195, 66.02073550606723, 27.312287879492303
13629, 11.1346242587731, 7.427523278163266, 25.225753871230644, 69.88861722358055
1363, 11.803545975215833, 6.535840114347815, 25.681743233302047, 65.65789807463027
13638, 15.617597659048776, 6.984349359386492, 43.69260438349455, 47.015427941716666
13644, 11.659751344792262, 7.324506910959763, 25.741890959282266, 68.84594739667203
13647, 12.486160139437711, 7.375462100826175, 28.92113660537912, 64.38839082206351
13650, 12.27829616219226, 7.393551763246151, 28.216543089826178, 65.47496049592804
13653, 11.942998195323735, 7.431360738164697, 26.904516207357048, 67.45325968192303
1366, 14.433984517669774, 6.402525760812806, 35.69494786772274, 52.754284691457464
13661, 12.103034360037281, 6.816943383869307, 25.347500105303062, 67.19177793690241
13662, 13.063188196571499, 6.755739291480726, 29.280324429021064, 62.080340569768374
13664, 12.769157720450442, 6.181129890419555, 24.617949975478176, 65.78911230995587
13666, 14.733587655316224, 6.7821641104833414, 37.92920991601558, 52.60284151036858
1367, 11.709222027147392, 7.1371070256781035, 25.091990155225773, 69.00601895850087
1368, 14.659210130936481, 6.66899426764538, 36.37264004952027, 52.31816774992263
13680, 12.333402316935045, 6.605966258040763, 25.12982782689623, 67.48068869241509
13688, 14.486378629056492, 7.183781097392782, 37.385100667833115, 53.87146060770349
1369, 8.706831077977654, 5.347660447764602, 9.663478750063929, 86.37293509947322
13694, 15.707380725887717, 6.748707319924938, 42.260903506407814, 45.10097302119829
13697, 17.081877876328296, 6.675666593581323, 52.76177230280151, 37.472680309954306
13698, 16.128343136164826, 7.01772434144026, 47.741367648137434, 42.49635310129006
13699, 16.600650581624958, 6.168570896242597, 46.74721653602277, 39.76151247357998
1371, 11.124388998148765, 6.467080854179268, 20.54112890685741, 72.20753641217021
13716, 13.223239951757897, 6.679077633146244, 28.623974346882957, 62.29773244769
13717, 14.396530786824417, 6.5734610233032695, 34.0666820960342, 54.45795270445046
13719, 14.33427551410312, 5.859874839708622, 30.13361328497805, 52.46611948845199
1372, 13.548259852194901, 6.8363120320896975, 30.875970220180584, 60.00950419768731
13720, 13.656820899705052, 6.939744492797433, 31.857724580454093, 58.21353652517275
13723, 13.542903331055905, 6.101726218418959, 27.106933397605847, 60.63040625585817
1373, 12.929718862930308, 6.254229499712667, 25.774296902812388, 63.702385190459246
1374, 16.112120119809592, 7.1464136051760185, 48.27990396836605, 43.66120604434402
13749, 15.799122526990036, 6.9098615111855874, 45.11201048851394, 45.302969845522426
13753, 16.360908037291242, 6.757627463474075, 47.7131377621223, 42.40189333480103
13754, 16.085127178910643, 7.035342620707584, 47.187834326761426, 43.63441846247898
13757, 15.768366930875382, 7.1455435060268995, 45.25025223958174, 45.90760387684594
13760, 16.174166950011976, 7.1019706694158495, 47.664945078926316, 43.633156325016365
13763, 16.379434412025315, 7.007019909389849, 48.476032141867556, 42.451163757273484
13767, 13.020783290274075, 7.136252017758151, 29.702089329261593, 63.3642375376233
13779, 14.504398489633935, 7.2629447529702285, 38.45915937277704, 52.33352921164136
13783, 14.061032461660727, 6.98727019057275, 34.60231768045795, 55.73447510898062
13784, 14.005659860256824, 7.171941746569649, 35.09922373857518, 55.38374859146112
13787, 15.800879369833066, 6.980173805000089, 44.46172129235759, 46.167686617723824
1379, 15.008793537994695, 6.607680012969437, 38.666922986553885, 50.58793374130916
13791, 15.77122982821497, 6.98623493116267, 44.341713231473925, 46.26827690774336
13795, 15.842972853082765, 6.943629937153352, 44.53931800089421, 46.00495087294577
13799, 15.830658287997604, 6.968658743504552, 44.5620981914444, 46.03363513002469
13803, 15.05554646141237, 6.94814542695742, 40.018120746044374, 50.9038274551401
13807, 15.52957553532115, 7.31526955428789, 42.92732508893783, 48.58970015246485
13810, 14.978602597688846, 6.978918867300305, 39.74080397330436, 51.16848850358085
13817, 14.965190111356652, 7.022647811566274, 39.90061807995019, 51.01605229223176
13832, 15.43004965470095, 7.328529228573814, 42.48219131614654, 49.04808344640435
13835, 15.647881246074082, 7.632088171203645, 44.9191903611154, 47.78737552916174
13841, 15.415845984451375, 7.335996741518416, 42.88015114676413, 48.106793861211344
13856, 14.102974515852816, 6.848338401261868, 34.25813711911358, 55.93980840258541
13858, 13.95521248199944, 6.793541553428033, 33.55037569785722, 56.63815406706857
13859, 15.328831218606771, 7.307501164132343, 43.6130062418348, 47.40407412783665
13875, 14.131001202866718, 6.793962517515464, 34.160044246499574, 56.069338922364864
13877, 14.048731459311583, 6.710971842873709, 33.679779788429016, 56.348981027736286
13879, 12.05944060609542, 6.925194441718197, 25.1507202356298, 68.32037062604506
13881, 13.100869612959512, 6.822240295098898, 28.63280650606107, 62.972482225973096
13891, 15.446810361226824, 7.618278571329519, 44.65078931182943, 47.42704845212875
13892, 16.55498948529846, 7.185037855961773, 49.75687157700773, 41.58775656446742
13893, 15.411074055552382, 7.32304170981278, 43.350184217290725, 48.15354296975409
13894, 16.51978137723317, 7.327901771620713, 49.981104850900095, 41.830424625532494
13895, 15.30253342730687, 7.5641026599802625, 43.469584562649786, 47.83115159500826
13896, 15.890112768600263, 7.217475943600807, 45.41112821230353, 45.863532484492325
139, 12.784297537339633, 6.871840814392252, 27.18120356114867, 64.68304438048062
13945, 12.198093090303331, 6.1897510162357126, 23.43518816339659, 67.7763482363032
13948, 11.367138859278352, 5.797325780123893, 17.886510243141704, 73.87644431842347
13951, 12.255513164887779, 6.200372556159083, 23.704502561337286, 67.4801833378269
13963, 13.760738325627077, 6.532498024731624, 30.4394395553497, 59.173807318202876
13964, 13.747416248776696, 6.542436921704683, 30.431383902721482, 59.20526925303995
13976, 15.279181005748308, 7.617725414234601, 43.70466364845078, 48.29594223875322
13977, 16.636948205254352, 7.1126502285227, 50.611308791042006, 40.47791699691394
13978, 19.647098967806702, 5.888957129755199, 68.9664843640443, 22.212873369793858
13979, 16.45465656801971, 7.1507594576725095, 48.940377205435006, 42.447441357398766
13980, 15.914749607191986, 7.152350057265359, 46.033557046979865, 44.98154362416108
13981, 19.00491856805431, 6.271339524133009, 65.4720732006209, 25.317937964652376
13987, 12.861321193503155, 6.36883553928537, 25.901534247373714, 64.49812772281555
14006, 18.385369378530438, 6.8740683810502805, 60.87790703089346, 31.676740958749733
14007, 18.37397352857979, 6.887689952094762, 60.86019117415725, 31.73528023762596
14008, 16.775572643176538, 7.390017629193656, 51.73602466629642, 40.704176800658786
14011, 14.983273025834377, 6.989568547050698, 40.502543003899696, 48.67296843646277
14014, 13.932211911510585, 6.7886950921006015, 33.6815572600258, 57.21374910154289
14016, 11.537222312813006, 6.206656739011729, 21.11583859456492, 70.64461524384664
14017, 14.352148145354226, 6.757454134833046, 35.57440406712837, 54.66630353020518
14018, 15.694273380308125, 6.951866151812717, 44.16064971106599, 46.30753150642143
14020, 16.966902693657726, 6.953730001894947, 51.69900465263674, 39.03173299915014
14021, 14.648880995256103, 7.662532607141268, 38.962794957909885, 53.7728442447769
14022, 13.756111929120221, 6.6229821046965345, 31.580949275952946, 58.386991604857776
14025, 15.67662352124413, 6.825136887869173, 43.414659685863874, 45.78429319371728
14032, 15.574902857632633, 6.408846305712399, 40.686045329809936, 48.34027848358573
14046, 17.06625662429501, 6.617412745178648, 52.438356164383556, 37.56164383561644
14047, 17.489713621314444, 6.816576527635447, 55.02324716384601, 36.36972289380695
14050, 15.791800602018638, 6.760374246085646, 43.79583455558815, 45.08418891170432
14053, 17.401093088008555, 6.78418656775801, 54.53297420707459, 36.634608927918585
14056, 17.024036587266593, 6.607754223589892, 52.251477381420216, 37.720865741804886
14058, 17.030636522010326, 6.605268647767157, 52.27990736835875, 37.685244785770834
14059, 17.32078155428441, 6.554750143523037, 54.11409829786216, 35.96394627851859
14060, 17.280104977139917, 6.561649195465342, 54.04913448092965, 36.113120208303194
14061, 17.156931990164907, 6.533192083758398, 53.24648768283294, 36.64838337182448
14062, 17.294941991882297, 6.637733898555856, 54.55884127942065, 35.981894990947495
14063, 16.130986995152345, 6.774203351570046, 47.17019015987484, 42.062728497209925
14081, 13.518243522202056, 7.1372330186829425, 32.28940984159521, 59.38428406481493
14086, 17.3388292482894, 6.73774115249558, 54.265921787709495, 36.7731843575419
14102, 15.318251463215903, 7.116087227357049, 43.23515367504047, 47.34053084564947
14103, 15.216753726796606, 7.152767626148766, 42.77246218879854, 47.86065838791957
14107, 12.493790605615803, 6.3986506509612004, 24.81080920033369, 66.32254796806102
14108, 15.774417871250877, 6.957905274293406, 45.446045621169176, 44.82717680058176
14112, 12.125449052725155, 6.958111638056338, 26.618388217448747, 65.08880951215932
14113, 14.98894866423813, 6.2118284965312505, 36.62968480476713, 49.64226909204955
14114, 14.473348095281116, 6.358576440843841, 34.256242679553935, 54.28695164322483
14115, 15.99946772781665, 6.105312663159867, 43.72298586503641, 43.66749737159768
14116, 13.811539034855992, 7.480978625615823, 37.0562989617302, 55.68330896960156
14119, 14.828702463030378, 6.456811511371322, 35.939777453873226, 51.18916420775712
14123, 12.42120399741339, 6.376035306130725, 23.95905829273561, 67.21063620437255
14128, 16.354396212267844, 7.119940497059098, 49.28745597399079, 41.73665673259279
14131, 15.412013224591757, 7.255848037489728, 44.54740217919903, 46.96712800494197
14134, 12.516381954065086, 7.018167311213967, 28.182306632092878, 64.4193706636765
14136, 12.541503439165359, 7.056703537950044, 28.43132719618818, 64.07457093953832
14139, 17.171208665289218, 6.658295196205307, 53.55327686134641, 36.545442965416214
14140, 14.78366898501465, 6.912936147655207, 38.996216560083035, 50.56751598754479
14144, 17.23082668606988, 6.9036300801682655, 53.66951124903026, 37.45280579260409
14147, 13.100329829139463, 7.315200179380763, 31.2657156214857, 61.54963925146259
14151, 16.989909282284877, 6.668512201060197, 51.77125049898914, 38.68163848719369
14153, 16.81368814618122, 7.111124557034977, 51.18092836437847, 40.213957962329886
14161, 14.985516925383713, 6.789474337373104, 39.13477949434476, 50.9563940891927
14166, 14.96094290343858, 6.7712078554203865, 39.40982827665784, 49.13459580533496
14170, 14.676590505524121, 6.7650574915246935, 36.18755021143982, 53.81253807241041
14175, 14.191582239618835, 6.78018012101266, 34.26942444546173, 55.58366973240667
14176, 16.22171841563336, 7.336388920800276, 47.90562036055143, 44.359756097560975
14177, 14.493047143974898, 6.7036643654939825, 35.06801068739374, 55.2847080051355
14183, 16.04690346299848, 7.327098541471727, 46.80246827010728, 45.09852044036183
14187, 14.117215238369834, 6.816392708639822, 34.361157504901605, 56.30763924188512
14193, 14.942653753022439, 7.1265334736581005, 40.403766682474085, 50.49793374432626
14197, 11.623808480814262, 7.236118211352386, 25.922926605989122, 67.85557100857349
14201, 12.210393289927342, 7.224017661824722, 27.738047126214617, 65.37576215494369
14205, 10.982000990780477, 6.794161329924844, 21.149312977099235, 72.67053435114504
14255, 15.848510331207025, 7.4790733120650525, 47.425567915901645, 44.98253951110631
14270, 12.538717994371435, 6.886093697787477, 26.848720878710854, 63.84645880459877
14271, 11.609111032324547, 6.604450159787273, 21.36997501703384, 70.33113786054963
14272, 15.273555339723465, 6.790899750313802, 40.2918409632902, 49.50252159974979
14274, 15.798736866335718, 6.796324291300168, 43.90218821980915, 45.72536196117144
14278, 14.803231421020369, 7.049911994425579, 39.05723499076076, 50.73008128117489
14279, 14.85242888688417, 7.09634825426713, 40.41836304927699, 50.23398380832046
14281, 13.710602335236578, 6.8665213922602675, 31.593987446316486, 59.550710274198885
14282, 10.360188739830132, 5.980170598292721, 15.865648471923855, 78.1647405641886
14289, 16.59490939269356, 6.897627309075821, 50.59242119460949, 39.72768391800286
14290, 15.702052451061213, 6.951782497072735, 45.1098244433357, 45.28851397607417
14294, 13.163922884145485, 6.71351760193082, 29.802731411229132, 60.77527934887571
14307, 11.534843597387546, 6.933172078386261, 22.692376855297194, 70.33184402362608
14308, 12.13550429014138, 7.025828251987233, 25.69150667100553, 67.46610261416639
14314, 15.613495623999208, 6.715884416964789, 42.829264510125746, 46.50736006823733
14315, 15.613294240335138, 6.676757260742238, 42.57078361818768, 46.73202192841019
14316, 15.359608288859713, 6.722190731781019, 41.57339391996432, 47.677125294453816
14317, 14.738754767665746, 6.782899430866878, 38.06855206568487, 52.328200927184376
14319, 17.140143459889355, 7.079244658665816, 54.34880501676146, 37.09868410080222
14332, 15.855586810740116, 6.793684769493842, 45.15962392809175, 43.88194372696904
14333, 14.995204750236228, 7.091652860996285, 40.79260101271055, 49.97416554717371
14336, 15.726457263331632, 7.0517612366494165, 45.14472310919594, 45.795744592904896
14342, 14.215953166385349, 6.818551595389993, 35.36491848097889, 54.44937152002134
14349, 14.433725070991777, 7.229346763239391, 38.047689684946974, 53.485952133194594
14351, 12.623865338661668, 6.944547681282477, 26.527586326726826, 65.40444114955577
14370, 16.391695002706804, 6.943131865834555, 48.46924688570918, 42.224423835896765
14373, 19.6921851020796, 5.402869510448044, 70.71481432285242, 19.427313611263973
14377, 16.477805413124845, 6.9385640859398725, 48.97564746810978, 41.6988790104368
14379, 19.73143973698, 5.379191866997946, 70.92656583394702, 19.182764025000473
14387, 14.510155542452692, 6.6594866661393874, 36.817751017449964, 53.75369348274517
14389, 14.073841935738892, 6.584407909199693, 34.12808133228407, 55.5522470595742
14392, 11.924185015722642, 6.342611105952124, 22.740643797951662, 68.82226517943977
14395, 11.27918729775037, 6.400606310308085, 20.834415908863797, 71.19016688318177
14397, 14.818238694027032, 7.168558621554186, 38.6578600501166, 51.55346977795159
14402, 14.682719229539062, 6.671799482562093, 34.06082766763793, 54.27640975832715
14404, 14.15025661658504, 7.0839661317479745, 35.2287166454892, 55.937391706133766
14409, 14.284642130880624, 7.0825139377733075, 35.957664098041036, 55.01191470925014
14414, 14.313302186045432, 7.131156802294769, 36.276726679451585, 55.0047227867304
1442, 14.71965131973872, 7.127045289434376, 39.72400352068402, 50.823588582924685
14425, 13.975730083666488, 7.18779604979515, 35.46608589871878, 56.991778994251185
14429, 15.925258429094836, 6.876650621580509, 46.37264227547966, 43.87281627728928
14433, 12.811660886113417, 7.141800819656978, 30.902942885824487, 61.31029745865695
14435, 13.878356230162613, 7.101403686327572, 34.99517045202797, 56.585465275993165
14437, 17.327592356731184, 6.671954489942881, 54.12483520941082, 36.520129804279485
14439, 11.734846953578934, 6.892414872802976, 23.50034264094125, 68.23477178182942
14440, 11.238635504287705, 6.545232974757906, 20.01125939051627, 71.689093157613
14441, 15.580872611671994, 6.901465592732415, 42.64605267188825, 47.62016604205173
14443, 15.911175524372997, 6.767980873667696, 43.84784815046751, 45.476041374246904
1445, 14.410574271697437, 5.884347301500573, 30.368890255149093, 56.861358745773124
14451, 17.535818460805455, 6.243223826944106, 56.63253186940801, 33.22732191401198
14477, 14.122589851796837, 7.032726849528171, 35.35326440992313, 56.211153943425586
14478, 14.461672815430791, 6.901680733935316, 36.12131921747697, 54.509984831188326
1448, 12.561140069173733, 7.474755095659192, 29.327146171693734, 64.0139211136891
14489, 15.313165599753898, 6.594558721277443, 40.07036293333776, 48.06750858792878
1449, 13.499467515594388, 5.931295049389249, 25.613864691777703, 61.817464412541355
14496, 13.68798824486996, 6.610327169045173, 32.04614225009012, 58.21526495745169
14504, 16.07950378588141, 7.044886310699733, 46.94110125913779, 43.83703477221558
1451, 14.289938911138224, 7.027287159141403, 36.44187540141298, 55.165061014772
14513, 11.974610993275729, 6.950430614731834, 23.96263492153903, 68.46751915245066
14521, 11.387216983675419, 6.847624214761647, 22.351310586604704, 71.47690677102442
14522, 12.479641819226686, 7.076488002897354, 27.136666044281093, 65.83692842893504
14525, 12.996784215465317, 6.76500992326293, 27.916774052853828, 63.8062290596935
14529, 15.077138925417954, 7.044042159997632, 41.43980165094108, 49.25176359468315
1453, 10.655819758297831, 5.176422044359424, 12.385105669238511, 80.37906742703791
14531, 16.914976285214028, 6.500899391978381, 50.836947602860164, 37.33325518696519
14533, 14.59826351011009, 7.342285138971084, 39.62979820967987, 52.64754968896981
14547, 17.5418859136146, 6.671473029915728, 56.20265678097004, 34.48748841519926
14549, 15.279216395632266, 6.516418131891261, 40.750266174416836, 47.63277609546328
14550, 14.5724744838958, 6.741537416514849, 37.04102336608318, 52.79731213683667
14552, 14.77435439425054, 6.899061080039318, 38.67217299454258, 51.48685523150049
1457, 10.456440658303169, 5.242361006721274, 12.532084188911705, 80.64681724845995
14571, 10.222385047398111, 6.50860235303169, 16.16196838447609, 77.08486272206724
14572, 14.733777219031289, 6.917886721758166, 38.56330984314617, 51.704932939304385
1461, 14.094795203227601, 6.148014411178919, 31.450990912444247, 57.382381543207806
1464, 11.842410962604106, 6.96924766049876, 24.40917442818222, 68.9507698156244
1465, 15.527616657314882, 5.882358269491316, 37.67317037789222, 50.025386233408284
1470, 13.026105610245896, 6.679216367523543, 28.934023917346856, 60.59874718659327
14711, 16.605700970981104, 7.2407342843927545, 50.457833340301875, 41.26144583350755
14717, 17.665382954503244, 6.858376909462653, 56.277599695142456, 34.71565309004506
14718, 17.82013487977151, 6.872504298121885, 57.771559908064354, 33.80233836314579
14727, 16.420358948737157, 7.3130058471257495, 49.780991302525415, 41.877816200356285
1473, 10.226009361735507, 6.714288744471179, 19.877649325626205, 74.53275529865125
14733, 17.77554781373309, 6.882202955755596, 56.995644560190385, 34.403484351847695
14734, 17.7991702072188, 6.867957002956167, 57.63277208540556, 33.944514350769964
14744, 17.625960126262804, 6.895496634259708, 56.014961721136125, 35.79107409550207
14747, 15.925787727239058, 7.119671595107894, 46.19891008174387, 44.98266039137974
14758, 13.810138035498637, 6.535617107296947, 31.40832811617218, 57.97767564018385
14759, 14.431206126118463, 6.955060727689742, 36.60264860977948, 54.17215963566635
14761, 14.524401024865439, 6.957273689146382, 36.88039493056959, 53.826611622737374
14762, 9.614270509165157, 5.810158735162252, 13.508731956413932, 80.5363820348206
14764, 13.61957468109867, 6.989848162705169, 32.73405414466516, 58.9822032240941
14765, 13.70059523352913, 7.024798569913703, 33.18486147295291, 58.637980782698826
14766, 13.765780184743644, 7.068164088206233, 33.39352201786065, 58.53839478178102
14767, 13.745770417074212, 7.0626480917346495, 33.4787777078526, 58.46444304594084
14774, 13.989385079320215, 7.372628656488925, 35.58856117025007, 56.44801615685614
14776, 14.978595221255926, 7.029827284966301, 41.220668595306975, 49.05094824815172
14777, 15.759805516922794, 6.614358725890718, 43.75656611136125, 45.28907565827872
14785, 15.711375358053186, 6.99122450367164, 45.17552436256047, 44.84819629481631
14790, 16.06454546979519, 6.717676767965578, 46.363008755138544, 42.99039758998337
14799, 15.204943071613718, 7.137785250655174, 43.42086370431683, 46.856761573350674
14803, 14.671454511701718, 6.990642464232552, 39.03569539259893, 51.285991384739404
14804, 13.716690317136667, 7.592679213811202, 37.02393075356415, 55.236761710794305
14806, 15.13209824927038, 7.015468943444481, 41.56507663513582, 48.368657999898836
14808, 15.077837221203264, 6.933322570827108, 40.65912070535723, 49.02472953633371
14814, 14.92595864458183, 6.920743189335725, 40.081447413740705, 49.40940494762648
14816, 14.54105654415733, 7.157503681178213, 38.98338914639285, 51.64888780466168
14818, 14.363640494012715, 7.06686390657007, 37.37254846349107, 53.86644355261851
14819, 15.902693929337602, 6.863541896844722, 45.389331590013605, 44.86986942770818
14838, 15.42884802306143, 6.574576506903528, 39.56682352580512, 48.707061726881165
14842, 13.17175403996902, 7.477069879707895, 32.24223999447256, 61.356295234311574
14877, 13.908040035727057, 7.093038542409144, 35.401400687374355, 55.56059918293237
14878, 14.752482259077036, 6.951772123878277, 38.617407856030454, 51.237238276518426
14879, 16.834096937715188, 6.999438884571096, 50.16004676148857, 39.9309711359145
14880, 13.363551136208264, 6.959910555850694, 30.988324320192618, 59.821138522099716
14881, 14.803444466604727, 7.0263132389490455, 39.152358884752715, 50.903099597356224
14888, 16.305243372311, 6.993347327315119, 47.05997483573326, 43.18327974276527
14889, 20.827317585169762, 5.844666384905946, 75.12213120802893, 18.652497970629472
14890, 14.381792665273235, 7.276391224772589, 37.684263865855904, 54.75400773908237
14891, 14.457330838363536, 7.251922039644916, 37.928206997084544, 54.435814504373184
14892, 13.099166275282492, 7.3535193201459474, 31.886792452830186, 60.366638078902234
14895, 13.056140792367767, 7.521635696748518, 32.07320603402987, 60.982513321396794
14897, 12.338656187028112, 6.529688799177916, 24.15354386764245, 66.25281202836233
14923, 13.713593851703997, 6.629333288173867, 32.30636237897649, 58.390963577685575
14933, 14.31313694408233, 7.169283097377519, 37.17683091613368, 54.139266732726774
1494, 11.864545898998625, 7.54036989157201, 28.38663489168064, 65.7006678631322
14946, 15.16559081300527, 6.927622646819208, 39.830919782836894, 51.32227953542446
14949, 14.711455170994503, 7.221605877695159, 39.09775292415977, 52.97541086295456
1495, 16.53052457032449, 7.621850270994655, 50.99342928660826, 42.483768773466835
14952, 15.741788132700568, 7.018334665347268, 43.817504026308974, 47.07796961403746
14954, 13.415161744467287, 7.095398814650664, 31.76780409874941, 60.66748208981303
14955, 16.289977168066805, 7.00127166295149, 47.579422012707525, 43.45289335246294
14956, 13.9432236160622, 7.468775139064577, 36.09513950384774, 56.03477306459459
14957, 14.186756530800746, 7.05252165232129, 34.86663066382879, 56.18348740430128
14958, 11.77135175845102, 7.265442949295255, 26.028203652346814, 67.38265920150698
14959, 16.76899316027865, 7.192157921912481, 50.356686087821515, 40.71479323575387
1496, 14.832242262456408, 8.115825673281842, 42.60901414967036, 52.29980336970351
14960, 16.903437772937043, 7.1804623896015585, 51.446684236769, 39.25065887883753
14966, 13.06581271005911, 7.097087270683642, 30.79395362488993, 62.15585559142941
14971, 10.42500808222848, 6.731645382542192, 18.985433574646358, 74.63408648705499
14972, 10.277278286147485, 6.767876153846937, 18.68459012368413, 74.95933462234909
14987, 9.899271369420154, 6.395552320600989, 16.42477402401489, 77.79778342802224
14989, 10.3738806461572, 6.49232145480261, 18.37943708289003, 75.56581874455944
14991, 13.547567075618659, 7.6576476927089665, 34.86962190352021, 58.79726205997392
14992, 12.84668727090401, 6.612834607586243, 26.107086849376447, 64.26455579618151
15009, 16.234017772689814, 6.618459431670555, 46.04683795422655, 42.47955678134224
15013, 17.133516118577315, 6.779622410276161, 51.765894582140504, 37.87908941994152
15015, 16.18745025510468, 6.633702451225674, 45.79234706905147, 42.76959741254575
15018, 14.472506253339436, 6.907843124299143, 35.98342541436464, 54.61602209944751
15019, 18.179754641191373, 6.919051469988094, 58.6771798208681, 33.09091836995075
15022, 18.25245810193001, 6.7139700409901515, 60.71324285551055, 31.440831820432415
15024, 16.981439078928826, 7.1196063757438, 51.490269693573, 40.08805218307291
15025, 18.441570976149087, 6.686695903581281, 60.71343279830064, 30.620042986965647
15028, 17.356788411612307, 6.755040323938493, 55.00018823647521, 36.347208453072646
15029, 10.296612621264368, 6.327918594637021, 17.27068305931139, 75.90456443652718
15030, 11.088251193503234, 6.915750154889389, 21.98895966029724, 72.34649681528663
15040, 12.186758897807772, 6.4154714691323305, 24.064958722530132, 67.83974781339225
15044, 12.501370720190803, 6.5218515881220025, 25.80973879393744, 65.78781038374719
15051, 12.071547960827326, 6.899539358219621, 24.601886771338087, 67.8420752246556
15052, 13.001873579822355, 6.506683701854552, 27.118684404674077, 62.2444608391442
15055, 13.495338498710574, 6.94156502514441, 30.651363403757586, 59.28942174135536
15061, 13.513052285016853, 6.778832624700574, 32.58004013483205, 57.903020605170305
15063, 13.566180532696235, 6.82724377067108, 30.938452921774847, 59.905719086439724
15068, 15.349184827520519, 6.685750083928531, 39.75441582908566, 49.035546587355476
15069, 15.971104132121315, 6.609426997383799, 44.089616333603296, 45.194281732055074
15080, 15.408887107506095, 6.582636930731334, 40.04972754639333, 48.65583203139885
15081, 15.89641552712884, 6.626458952877577, 43.87771414600201, 45.53182685887852
15084, 13.328802968560595, 6.872478893999855, 30.644582397277574, 61.04590107275314
15096, 14.165980660138208, 6.800502997957082, 35.21386140837478, 55.6589895904686
15109, 13.660265152818917, 6.876807549335562, 32.58525211308657, 58.91307759567742
15116, 11.901995258168677, 6.297238574937008, 22.473729324740468, 67.90183815359218
15118, 16.31227827860767, 6.649296068539086, 47.006019531907725, 42.015701296514564
15119, 11.660483497757152, 6.677305894266522, 23.33710893254697, 68.88059992969573
15120, 12.989557074403429, 7.508352490968141, 31.91552964789785, 61.51645207439199
15121, 13.03542972919231, 7.505066480750929, 32.134287518417175, 61.32182698379288
15124, 14.341781343483271, 7.0387010386766615, 36.81841126598057, 53.63496821913857
15125, 15.465951331824222, 6.775561448712921, 43.49506042021214, 46.49734022626807
15126, 14.966783797343021, 7.321253774704409, 41.1029944794513, 51.034405843974795
15130, 12.586921852865688, 6.973062604312467, 28.152861238757314, 63.599230195200505
15131, 12.616335682898281, 6.971454637627587, 28.25641025641026, 63.45167652859961
15133, 14.738306566085534, 6.536181434815623, 36.34234257680846, 51.99682485978633
15136, 12.201052397960432, 6.960890994967731, 26.3632242753913, 66.54667626589872
15141, 10.244809535242899, 6.283018177863773, 17.028601694915256, 76.40156453715777
15147, 12.16340926071506, 7.021123327203493, 26.537162676077763, 65.95728497976818
15150, 13.883683694446297, 6.488984529269541, 32.47907949790795, 57.103874840822265
15166, 12.861858013942888, 7.017811638193284, 29.808041316228856, 60.731952668858305
15173, 15.89260444785395, 6.872062791864233, 45.06547069031575, 45.07448558743323
15177, 15.285289850966208, 6.780787695688379, 40.34748676019697, 50.253646752764105
15179, 15.132687331891661, 7.123452288629652, 40.476285931924785, 50.97021208355049
15184, 12.447530279460498, 7.145032932897567, 28.587069677280397, 64.56725419104713
15185, 12.639426630974576, 6.786975762864813, 26.97654504341776, 64.10174072438754
15186, 11.908883451885497, 7.352599486170149, 26.978395857718173, 67.07996905191739
15187, 12.63886456245295, 7.243225707357057, 29.644433727788698, 63.27391772081463
15188, 11.8997400838909, 7.377657228383833, 26.98761981226521, 66.96898510214399
15191, 14.805720577131314, 7.199636768874492, 40.29607530992642, 50.718878874863684
15192, 13.733741230306892, 7.08141403161492, 34.38466837853072, 56.75455627231164
15193, 11.94414989402326, 6.7783053510217375, 24.736828624849526, 67.85723433137822
15195, 12.736602990245782, 6.618363373771437, 27.577589064850944, 63.852548899599626
15199, 12.24767472606553, 6.537047157095909, 24.517752306402013, 66.9823408815581
15200, 14.780586027683809, 7.297327575216258, 39.51134420510231, 52.139733982120106
15202, 14.984954174048088, 6.4277644222600285, 34.474156969093634, 52.45957914249425
15203, 12.934017237045968, 7.258486385419154, 30.041713014460512, 62.70578420467186
15204, 13.868476416213904, 7.460233642310334, 35.11935634018219, 57.79107653434404
15206, 12.887042102608131, 6.58278378132468, 27.134638098987768, 65.36444111408868
15216, 16.32719070033715, 6.972048266335019, 47.36246294610555, 43.329131946875805
15218, 15.794642756757405, 6.909130377356675, 43.18930016156659, 46.82272622359358
15220, 16.807618038800918, 6.912668991933662, 50.83036216926252, 39.41874648151623
15222, 15.59612331786959, 6.997331828607931, 42.53928927105346, 47.93533969734509
15230, 16.47045151329515, 6.7225903399024665, 48.55015368630677, 40.60695268193428
15237, 14.786133456888061, 7.345846341219622, 39.27220990296987, 52.697489008805775
15238, 16.503005371629115, 6.693850575652936, 48.689039917110094, 40.6002493721792
15240, 16.735259036401686, 6.70847113949947, 49.4544493857602, 39.99383558627977
15247, 12.278361785041644, 6.766325854049611, 24.925288748889425, 66.85512748027892
1527, 17.704842234418614, 6.747767653421538, 56.82031306355045, 34.50431604510808
15287, 12.678890970905217, 6.6858279824525795, 27.476431758079816, 63.91384217857359
15288, 11.342387283629263, 6.374371643899195, 20.221041901389558, 72.72063951928752
15290, 15.044008681006973, 6.562556349085436, 38.37983022371563, 50.67092581130074
15292, 15.006981687811313, 6.678859612938221, 39.640241298897514, 50.173529379564044
15293, 16.677201371800518, 6.208423595942326, 49.45121083790202, 38.81684777256164
153, 12.399995317873415, 6.6457274553746135, 25.732188116023657, 65.73641227823148
15302, 15.130265614409671, 7.222018302329766, 41.44425485335308, 49.84707511026689
15304, 14.723636075284746, 7.396745998982318, 39.37414683876765, 52.44587285953727
15306, 15.03222791450737, 6.980330359208028, 39.63622152383123, 51.05111462115908
15308, 14.038195238272058, 7.332241476160857, 35.98734611426611, 56.8681632808629
15320, 17.5632285962769, 6.5383626660767655, 56.95645753343741, 33.88253660183115
15328, 16.623788383379704, 6.744591560392599, 50.244214178116586, 40.291915825991694
15333, 17.55356423612903, 6.518704347381814, 56.83452453586681, 33.831604636973765
15338, 16.047741925591954, 7.174904607680409, 47.65379146367048, 44.09077134665144
15343, 12.241888867056195, 5.907022734466092, 20.541051305382517, 68.63442290193883
15348, 13.38349970327116, 6.978690356144625, 31.786554952974484, 58.767900287234156
15352, 12.23147714249332, 6.962128134069009, 25.761014758745016, 67.30052888217982
15353, 15.784364086776531, 6.871264488207372, 45.48876964516745, 44.50041358247259
15355, 15.602140554917929, 6.773380442336793, 44.139940991628485, 46.05531435150759
15360, 16.057036431564814, 6.851842762023397, 46.703010262597374, 43.55869341793645
15361, 16.582089853679268, 6.719273339777425, 49.26470588235294, 40.216749350342546
15362, 18.136379481280894, 6.441196770011738, 59.95814595485106, 30.562358074713924
15363, 18.48124129358022, 6.335913408602854, 62.63858586758092, 28.41177256333764
15364, 10.641668863618097, 5.85871300821157, 15.899984937490586, 76.97695436059647
15365, 10.685734045182611, 5.832087979214271, 15.958311997349316, 76.87882165125455
15366, 10.59529176643502, 5.868300601341439, 15.793183384499718, 77.07067226364262
15367, 10.534039714522812, 4.455755099777068, 7.721711471659157, 83.43912612826271
15369, 17.148741806415025, 6.973170721874449, 53.02296187065515, 38.45524727691793
15370, 16.358219678514818, 6.808355272995277, 47.5871642034784, 42.39133393211943
15372, 16.68959506266207, 6.820373468005174, 50.04060723433498, 40.316736427812835
15375, 16.493737364075262, 6.734966054943823, 47.5900781461062, 41.941745629921655
15376, 12.906393953850227, 7.771939750068154, 33.4452391863083, 60.9113187623279
15377, 14.800597458717158, 6.993889739462234, 37.31758631383955, 53.23755479744852
15378, 15.361252581796135, 6.904774506069078, 40.84840691043842, 49.06089781552988
15379, 14.780230004699689, 6.972361813903917, 37.22530763367091, 53.262550364804525
15380, 15.07632467505557, 7.001735512346839, 39.2300731550429, 51.4440216739531
15382, 12.508596962178576, 7.447910205881811, 30.143144637756425, 63.30823162814853
15384, 14.401381210587335, 6.7919884077111385, 35.27308296719156, 55.07841313620474
15386, 16.515739247048202, 6.896442623427344, 48.18395037373139, 41.88641195940466
15387, 15.418016647699892, 6.652974881637743, 43.142608911505526, 46.62612221256878
15393, 16.984922337111673, 6.844549795264661, 51.022809757385126, 39.18901084398302
15394, 14.091470271596437, 6.624473360179331, 32.67985794013191, 54.986301369863014
154, 12.00016039503271, 6.824771577234848, 24.84715025906736, 67.85880829015544
15401, 14.354641657970854, 7.120476718363414, 36.67030521852303, 55.380158696838656
15402, 13.987613837671132, 6.693249518650829, 33.03818959403409, 56.92763963809073
15403, 12.31085941542374, 6.898304191885962, 26.8350930115636, 65.82956259426848
15404, 14.563111970316953, 6.794549655326571, 36.510941167562656, 53.790918957118706
15405, 12.988168574754111, 7.2000943006103295, 31.110214433940513, 60.810632761289895
15406, 14.7752830080498, 7.010177835368177, 38.033443937054436, 52.612602253687704
15409, 17.01750425067686, 6.760885524519995, 50.492727344396705, 39.2644566202846
15410, 14.099408710454457, 6.409425650633085, 31.503105128109777, 56.111710237625964
15411, 16.867694419911494, 6.862769241191086, 51.18933333333333, 39.34755555555556
15413, 16.587353063878354, 6.912366427932044, 49.1092582879673, 41.45159248340598
15415, 16.51157371387613, 6.897060529649574, 48.88912879196805, 41.65605095541402
15417, 16.27245357108265, 6.808238140107279, 47.401825744071736, 42.62140117755091
15419, 16.063418350475843, 6.722736607689659, 45.91882123992216, 43.5279399499583
15420, 16.56198510464874, 6.812287774950108, 49.30375265518055, 41.024309653056406
15431, 16.539951772809374, 6.840540528445685, 49.025615545986525, 41.33543115822016
15432, 16.908383806767738, 6.753750548734983, 51.31921438712731, 38.89907714150497
15435, 16.609654952069654, 6.74368293040749, 49.51071066292738, 40.65576705054001
15436, 16.354638141149767, 6.758578041808948, 48.01825663340112, 42.028094404767536
1544, 13.950462766759394, 6.675935351837675, 33.86753947866001, 55.980805090823736
15457, 14.268508392634903, 6.698723318022779, 34.65084436330443, 55.0890004564126
15459, 16.8296456833287, 6.8455382939799465, 50.93578630815496, 40.176897222713606
15460, 13.209017212703568, 7.041693681768351, 30.14161860108163, 61.89608240499802
15462, 14.641383646986037, 6.954778927162153, 36.70808951396911, 54.58803518614894
15482, 9.630416650403367, 5.830276026013105, 13.044690304033452, 80.70737869152366
15484, 10.139555689450283, 6.085455815955592, 15.30840468285864, 77.84553555827364
156, 14.208514552353437, 6.95064151962163, 34.86005089058524, 54.860419662942064
15605, 17.64953946926721, 6.956007883594771, 57.30799505228832, 34.85550432924772
1573, 9.714080137989532, 6.154531102434297, 15.202415654697324, 79.98457536502791
1575, 14.127423789199817, 7.120377370890751, 36.07708601952477, 54.76952477435992
1576, 13.430699004653162, 7.945979509677011, 36.04762800273178, 57.942454445577184
1578, 15.30347230418862, 7.310979334545014, 40.62967256354686, 51.596861717319356
1588, 12.825578046688818, 6.3702957273810785, 28.18707641972423, 60.16300537508764
1594, 17.907301526070114, 6.566511010341369, 57.175261214739024, 32.72604425568881
1595, 14.173725017498372, 7.008522438770772, 35.52420978717692, 54.88997428775002
1599, 16.398904016044394, 6.738557522442104, 47.43224767291592, 42.27145880546139
1601, 12.75900204346932, 6.636339968592488, 26.70711974110032, 65.00231160425335
1602, 14.498083255721296, 6.809996676199767, 34.38776931649332, 54.119845839524515
1624, 13.327202218010163, 6.914774605958322, 31.555927188525118, 59.97512917819087
1627, 14.73838607724467, 7.126535046567691, 38.65441536594195, 52.810843039969335
1632, 11.093179305259444, 6.817836697926438, 22.516914053456127, 71.26668896148998
1636, 12.546560335062233, 6.711525597743846, 25.154698275135306, 67.19722133234416
1637, 13.953622810151865, 6.576465126869241, 31.984912621679047, 57.45392255365408
1638, 12.030565678084544, 6.157913862568581, 21.814232870668885, 68.88044252893066
1639, 18.852182024178127, 5.923080606524187, 64.00795267056476, 24.667775806485015
1640, 16.16679351115006, 7.10983441912671, 47.11249808011841, 43.86545469777573
16468, 15.942935951195661, 6.756758787265941, 43.4678806745702, 45.99810408791414
16469, 16.1474581662784, 6.753398403615242, 44.32696077300925, 45.42467080229689
16495, 17.878783089391042, 6.750346031529184, 59.01237033972063, 32.27131993094297
16497, 14.407316917584565, 6.99511491434955, 37.895608947804476, 52.925711129522234
1654, 14.201840930815678, 7.641073166223942, 38.397582103974024, 55.59812590586834
1655, 13.974886411470901, 7.114549787648143, 35.822809572456364, 55.923011715608496
1656, 16.38142403103749, 7.081998344721111, 48.97884959713518, 42.13854073410922
1662, 11.92684845697137, 6.616440170489504, 23.63724385770545, 67.85524760033888
1663, 13.975997346907167, 6.591354906519247, 33.77096655069872, 55.56354589803891
1664, 14.888368683112159, 6.990051542140512, 40.55671866245982, 49.91596143071978
1665, 17.132218835429306, 6.454725104937295, 53.69172176523056, 35.17294105987456
1675, 15.525119003565935, 6.643323735004357, 41.52298850574713, 47.32412162712969
1686, 13.927230836134894, 6.702562385446545, 32.85462731576672, 57.59339512225983
1689, 14.568541032988685, 6.779974676689044, 37.34234279867492, 51.81489398344663
1705, 14.99427989546692, 6.595274717671904, 40.880931309142895, 46.75834524701023
1706, 13.735354287858293, 7.267941545897515, 35.17896660684598, 56.18483490592004
1712, 15.498555795747125, 6.662763934917354, 42.20858895705521, 46.88130608933732
1715, 12.437976256569565, 6.901762837918459, 27.328556806550665, 65.45712682008784
1718, 10.944793554064791, 6.35526438512597, 19.097100212506067, 74.48086608771314
1719, 10.43126785294505, 6.060874569700602, 15.694488136827989, 77.67935493484775
1723, 15.067759370780024, 7.355574997239803, 41.45212929257489, 49.89254857243103
1724, 11.783261756507201, 6.300723981406275, 21.60912981455064, 69.59201141226818
1725, 15.476805288610775, 7.40851397713825, 44.11821270594269, 47.8470842148001
1728, 16.189725429256573, 7.108300169623067, 47.329939219952, 44.01507165765806
1733, 15.052628873109917, 7.05518727478391, 40.554832752759474, 49.83701962759335
1736, 16.777219555482038, 6.727120042653694, 49.205666190467994, 39.7614416771373
1748, 17.366624555718516, 7.0859035074187515, 55.25550835067683, 36.85649907979153
1752, 17.425677087088253, 6.884504466300127, 54.55248990578735, 36.63189771197847
1755, 12.726851787587364, 6.682363083657151, 27.511957484499554, 63.91231178033658
1759, 12.80035418714102, 7.1867777501516485, 32.26765279271246, 59.71045660783131
176, 10.219943710876251, 6.6695543242032524, 18.437041335290303, 76.94985834727105
1764, 15.193932954244092, 7.005606557071485, 41.026765677914234, 49.262515810518586
1765, 15.603198898263557, 6.789818069827998, 43.03853461882596, 46.0776724406599
1768, 10.465976637023834, 5.866911391449586, 15.162483592538084, 78.0070402927489
1769, 14.848906460818942, 7.5314928665568965, 41.89805345758214, 50.54824452004909
1776, 11.180681579218492, 7.021527789204413, 22.845408851293367, 71.4585631972539
178, 12.463178035667722, 7.5640021251602425, 30.64697869191571, 63.29358739341754
1787, 16.527449151064683, 7.169498558833596, 50.00321178511017, 41.48769886302807
1788, 16.62388412239352, 7.147104988424774, 50.43905635648754, 41.06815203145479
179, 12.592859825973557, 7.262517761417812, 28.164207387715877, 65.3731128813529
1802, 14.850347704925996, 6.849599808454904, 38.05947216196674, 51.90527838033261
1805, 11.44969783480967, 6.939423930394582, 23.022491098030667, 69.83958287915122
1809, 13.604222404872917, 6.134340932085786, 27.675220025877863, 59.54214120088651
1810, 14.15661612765904, 6.070812141613834, 32.91984484419338, 53.4519563689376
1817, 13.119645086777279, 7.054590075244132, 31.139939424803664, 60.500147417513205
18191, 13.965281475497685, 7.336312265323821, 35.52956035364166, 57.00817946713177
1827, 17.501004697846795, 6.516437877294204, 55.417023882424985, 33.96693202694428
1833, 13.419833711676015, 6.654794112600279, 28.474696312829977, 64.21320341674894
18392, 18.023588156608845, 7.155137660392534, 57.91024724262714, 34.698476673384036
18394, 17.09846428905524, 6.9241651133864766, 51.86217697729052, 38.84103367267032
184, 15.259611080883072, 6.709646785082906, 40.44669989669939, 47.337752860825
1840, 13.066415208700791, 7.2356972262270665, 30.563780646689565, 62.34158474475897
1841, 11.409942857881415, 6.006458425898223, 18.78465237230754, 71.97389725724939
1842, 15.435946105747378, 7.010642928856659, 42.929859824062234, 48.09313738286043
1845, 12.532824918576322, 5.978334819697686, 21.455375843611822, 66.38497789155224
1848, 14.493021523256097, 6.921539253657257, 35.900676529626054, 55.0999925656085
1849, 13.374359508462527, 7.085033205348487, 31.220928069065607, 60.878949131098125
1850, 14.054126730802901, 6.82089036207871, 33.689340909373485, 57.29525419935595
1851, 13.583564234360757, 7.217888938121265, 32.81049026977366, 59.16311701327987
1853, 12.86719756276533, 7.006259950558073, 30.255526137553108, 61.6599963056462
1854, 9.368372120135954, 6.093553485382399, 15.31909730647901, 78.49308420286339
1856, 14.01847917323716, 6.594793297457823, 31.836782028130745, 56.84299464886268
1859, 14.210967981907972, 7.054289474626389, 36.99991577528847, 54.14069738061147
1860, 13.54817736496599, 7.114407574778417, 32.662431131185784, 59.271851888618656
1865, 14.121368799569371, 6.767184049511597, 33.46994941245186, 56.120499341668896
1866, 12.175070469818317, 6.678575349844866, 25.161846211168555, 67.12542499184947
1867, 14.293526671304718, 6.68408716854399, 34.967240396141, 54.87670053183442
1869, 16.51792990991492, 6.668740649289711, 48.56472119563954, 41.17797457174069
1872, 14.77452457237952, 6.627344237489563, 37.30520891537841, 52.33128453467436
1873, 15.744394144742705, 6.828791777534016, 43.74934632222205, 46.49852829117423
18743, 14.390298318315699, 6.411713001887268, 35.26679252782194, 53.47774244833068
18749, 15.753899403228253, 7.191530491158364, 44.261327879169286, 47.17589679043424
1877, 15.822650332762308, 6.866861890187553, 44.26653057318746, 45.66042550476859
1878, 14.566370209382153, 7.054643315088001, 38.27351147300607, 52.8553824075374
1880, 13.110154262024206, 6.6532848592497205, 28.729421502805113, 61.28713326588798
1881, 11.81134395269857, 7.053961951685298, 24.519107463452166, 66.74422012970359
1885, 15.725787811935087, 7.085882759546094, 44.10105172437011, 46.42130920157826
1897, 12.23497466258988, 6.761449257917116, 26.182015014944344, 66.07752229883975
1910, 15.64262267079462, 6.043014456327776, 38.36418072945019, 47.15058519324987
1922, 14.31801801995505, 6.506875989211505, 34.159324299690105, 52.56243543780762
1925, 13.372741913299599, 6.754767286255471, 30.628306704219423, 56.993761680397995
1931, 18.181088613378805, 6.2913228515395, 58.79515924576136, 30.97072571700206
1934, 9.86142268427143, 6.353231313075999, 15.830925997786688, 79.29403986835109
1935, 11.371806767116595, 7.004129424984725, 23.431215950255286, 69.79092387118857
1938, 9.818547051196507, 6.347307278140392, 15.774998593213663, 79.44403803950256
1939, 11.356179917685667, 6.988201540500752, 23.295301537807383, 69.92488129827794
1943, 12.16425257104586, 7.557394251751303, 28.815034491651087, 65.17229707949197
1944, 12.132434390079451, 7.414319771680451, 27.847817021140088, 65.90158149680813
1946, 10.394540226458512, 6.288763722234555, 18.190472022233408, 74.48519596472416
1948, 15.044172026850262, 6.85115785506245, 39.56357520952801, 49.97518747243053
195, 12.525676306374574, 6.670574767484065, 25.469095426890544, 65.95472566824402
1953, 14.005261241756504, 6.261150623852754, 31.49918195126152, 56.022191878559745
1956, 14.831041251108806, 6.4908508436648145, 36.711711711711715, 51.32132132132132
1965, 13.328294508501159, 6.721806563670056, 28.865717192268566, 62.02102407595795
1966, 13.265472901440884, 6.814176583177815, 28.93378914438675, 62.49879059567195
1968, 14.801912876727513, 6.82332808242856, 35.9208188816513, 53.555536756619574
1972, 14.65874252886537, 6.78169120489777, 36.75516756714936, 53.46159301620869
1973, 14.086015940698418, 6.565640155836627, 34.61678729731246, 54.973910116142065
1974, 14.660964323750115, 6.59047485916139, 36.16380608250527, 53.10219239758535
1975, 16.0685970124415, 6.808203860753151, 47.80909990108803, 42.624464226838114
1976, 15.281901428288386, 6.727787592729599, 41.35090609555189, 47.17148850935725
1977, 16.10128462245421, 6.612328583618249, 47.1174742674277, 42.474864471138915
1978, 15.664309012098421, 6.670025131273782, 43.264532597625276, 46.20779455180683
1979, 19.517120466942, 5.795737135950045, 68.05459471924364, 23.169606825781162
1980, 14.290385960400654, 6.905780721434589, 35.68883071779388, 54.82524913499294
1981, 14.355821161587395, 6.916924240768533, 37.01499118165785, 53.13440190891171
1982, 14.806669952735923, 6.700386397472517, 37.25068958200721, 52.67876087417781
1983, 19.025230139363167, 6.28845480692609, 64.27359521481567, 27.710358313682637
1984, 12.427451950566516, 6.694576637704076, 25.752931769722814, 64.40065298507463
1986, 15.260948596121716, 6.9052684793985355, 41.49562502032983, 47.04648212601242
1988, 14.54632253315533, 6.797927546583149, 36.36003990505349, 51.39323678145104
1989, 15.114244264447473, 6.714071918356601, 39.59173143280983, 48.14731207068915
1990, 13.445493539243767, 6.486750178531538, 28.46359307862037, 59.60150637888415
1991, 14.621993992964077, 6.76094958188371, 37.005535877150194, 51.86756315354105
1992, 11.07083179471864, 6.657679581904078, 20.891040005877816, 72.79306417839169
1993, 8.649638547527692, 5.46197228658835, 10.237038190928681, 85.97502401536984
1994, 14.764091193665532, 6.30092342328732, 37.52674189353581, 49.76886614371408
1996, 12.835814715672935, 6.297181582070408, 25.82041180694366, 64.60633817850142
2000, 15.959015040529936, 7.024232776483959, 45.31386358887373, 45.45767420135944
2001, 15.803408729158395, 7.024854885735772, 44.69321693069793, 46.23694148805729
2002, 16.059687611527227, 7.040223484604068, 46.090867865328285, 45.38368202375262
2003, 16.693276527798727, 7.591489756786661, 51.60468370277634, 41.514102658516826
2005, 15.831124885053491, 6.992555584729135, 44.48403648802737, 46.48541429114405
2006, 15.470649599813733, 6.998597841135085, 41.76458707094229, 49.31624033172145
2007, 16.85512116176464, 6.9542255919223726, 51.529221281712445, 39.64784456587736
2008, 16.18636037001822, 7.780349750561851, 49.12405699916177, 44.25398155909472
201, 17.866152226795798, 6.476212649085908, 56.01792302147087, 32.64166678445729
2018, 15.995112235176272, 6.305527280826875, 42.91481815175119, 43.420047215537785
2019, 15.957364970499793, 6.3046788626469334, 42.729311530095906, 43.71090800491362
202, 13.760615130614536, 6.598559538506238, 31.005518253730934, 58.138744665234995
2023, 15.8793180380273, 6.304750533733399, 42.21577468205989, 44.520714126852546
2024, 16.177152577529284, 6.624948302017512, 46.81677331079722, 42.65564006599863
203, 12.941790826847743, 6.560739809148097, 26.923008073322237, 64.11936344270805
2030, 11.41439084365041, 6.101935462023908, 19.35876827246697, 72.58250866529362
2038, 16.519811333458126, 6.661047181343523, 48.74851164086844, 40.90517568971195
2039, 12.726696538522829, 6.276021166306736, 23.996089733010017, 66.15714702857795
2041, 15.735814920350933, 6.617719632128374, 43.95743233393265, 45.67641770737159
2049, 15.585112790684565, 6.539364852062174, 42.917672115918386, 46.491973399494725
2057, 14.908638448064401, 7.042759933672333, 37.94369975603828, 52.80916071766156
2058, 15.662979070111625, 6.931887351968271, 42.62992756767582, 47.615908408157814
2059, 14.58555756549753, 6.818064071880716, 36.21777206197563, 53.52440443382939
2060, 14.356834607602766, 6.936877787526801, 35.24329439805119, 55.28430350242287
2061, 13.35339267718475, 7.166112019019294, 32.17901087289955, 59.78816592249224
2069, 15.03037595054008, 6.978950078326405, 40.4443395712704, 49.95189951536493
2070, 13.235055816333077, 7.442731734520199, 32.45731204110976, 60.14599409557678
2071, 13.439497507624454, 7.003501274187735, 31.221095269990112, 60.530890185947115
2072, 12.955144720579755, 6.853078563031607, 28.541749696851493, 62.728421338262855
2073, 14.47899327157327, 6.860552308065179, 35.77922518488364, 54.50251034669923
2075, 16.801177058551445, 6.868937684265262, 50.77476538060479, 39.76329509906152
2077, 12.47657103140132, 7.349348697146784, 29.30617007828074, 62.6518208781057
2097, 14.262415194910249, 7.198206949375922, 36.507350225308414, 55.536677254930936
2103, 11.355814615923924, 6.2614234931614074, 20.21750130163456, 71.4549707773875
2112, 15.42043470409555, 6.533476376563615, 40.081441493715744, 46.90553408419766
2113, 15.329430281515588, 6.56926175738689, 39.93177568172945, 47.96149024926535
2114, 11.600298424008352, 6.527062866486662, 23.15422335796671, 68.6730206966411
2118, 15.434702523584926, 6.473970038182644, 39.789440929364176, 47.44528575873872
2122, 15.5660712879747, 6.58878326642325, 40.23325667620969, 46.096353311118406
2123, 15.137838037687926, 6.758882914860312, 39.31412866028807, 49.515405757268915
2127, 14.605304639978076, 6.490656893343287, 34.66121388863574, 52.81144627722591
2128, 18.638415180314293, 5.956136560910243, 62.45462618205612, 26.414183115487077
2130, 10.860686961827941, 6.488283587952341, 19.619021916360243, 72.85250030923545
2134, 13.556284119414753, 7.366238951623641, 34.809877450337204, 58.01427559241085
2136, 12.868693232356298, 6.412935658209553, 27.658363289444555, 61.384552134175266
2137, 13.550880944129844, 7.595042615545881, 34.95958215470023, 57.670915043066465
2139, 14.516236663329401, 7.092054335627873, 37.3320197044335, 53.93628899835796
2140, 14.843426634365763, 7.217318785788829, 39.45695069028359, 52.08133939926317
2141, 15.099346598059139, 7.28135089426759, 41.088512043613875, 50.42853772966739
2142, 10.13134029464507, 5.603352802340847, 12.943409821527545, 78.80362487529099
2143, 14.843356742356933, 7.261275056096601, 39.60694493806684, 52.00542326475273
2144, 14.456432960697843, 7.380292746130402, 37.96432899520523, 54.46546182622899
2145, 14.809189863146106, 7.273799352623452, 39.613603072172296, 52.17546221148898
2146, 10.011156187382468, 5.605370521008305, 12.908385977279504, 79.17739880161592
2147, 14.696784132122989, 7.160240554302533, 38.61447125276857, 52.691244118841986
2148, 14.460785881938774, 7.195636046808292, 37.21116374276679, 54.60497828397476
2149, 14.178983395632331, 7.177022619047796, 36.06037992747077, 55.429873139311105
2155, 16.561294343326605, 6.419605996341734, 47.82685874240459, 39.95084317607701
2156, 12.617060631317347, 6.410134022403001, 24.841269841269842, 65.00503905265809
2160, 14.402621573242502, 6.673286148868788, 36.213511966591064, 53.69809000911538
2161, 12.098055440782645, 6.826156114140913, 25.842875825332523, 65.93835390683977
2162, 14.289799582753238, 6.417022176371655, 34.31461671810917, 54.31377108790326
2165, 13.51988900050696, 7.076637817883058, 31.92975790962241, 59.81869604677178
2166, 14.823942661193495, 6.958505125563984, 38.31894767015957, 52.004968627575884
2171, 14.08130138676225, 7.141889887383339, 34.54917282217203, 57.14343853651588
2172, 14.975782153843138, 6.75533167475385, 38.691394597708246, 50.98232837540373
2173, 14.62879560335257, 6.845535185139013, 36.28996041816796, 53.50335766728285
2174, 14.179813423157036, 6.6185343973907775, 33.362096417968715, 56.18765858218537
2175, 15.730382836115922, 6.959521939810637, 44.64612011207212, 45.827750030454375
2177, 13.808737656030983, 6.247701654924378, 29.417812461290723, 59.53424996903258
2179, 17.13408192133508, 6.7053336145466895, 52.61189393374587, 37.322001043763514
2180, 17.22663240734464, 6.990025342239647, 54.26247725579748, 37.30659795576939
2181, 16.502073986259333, 7.0680287305052, 49.631791702795454, 41.74370748507016
2184, 17.274200810449003, 6.734156866238872, 54.369633755779034, 35.90663825438957
2185, 17.251602738040624, 7.1915297058802, 54.02363949766067, 38.51391282935238
2189, 12.947860534095016, 6.474359715286972, 28.188651098743474, 62.86648688966665
2190, 12.144611552148188, 6.453397409798183, 23.920033848106623, 68.41548550877935
2194, 11.413831530278967, 6.330041549730877, 21.61220182899533, 71.46831233612585
2195, 17.00756810059105, 6.948205957351976, 52.80213495996951, 38.429279451010295
2196, 17.007395124223574, 6.904666882403513, 52.45214458746972, 38.42326509286087
22206, 13.527763031993697, 6.889465240438629, 34.88660524450744, 56.108889338868075
22211, 15.691203715846893, 7.3283828644755244, 45.58560677328316, 46.723894637817494
22212, 11.466698678001093, 6.779233650475197, 23.01839403117382, 70.16448745413804
2224, 12.395733066341187, 6.842707187500627, 25.436502559077688, 67.61594029166189
2226, 12.007325481309818, 7.037135714576222, 24.669234195289373, 68.40236841415809
2227, 15.507662130248358, 6.678745541619246, 41.40957357719492, 47.847787492044354
2228, 13.360002247713492, 6.706335647856809, 28.65609307413116, 61.477651270322674
223, 15.366244907726603, 6.905507331894125, 41.83333142313555, 48.36850007449771
2230, 11.994767336101447, 7.052645606831836, 24.770159540187557, 68.26031487156554
2231, 15.655742708861146, 6.647550185558844, 42.24734887766367, 47.173251262837454
22328, 19.066840408427037, 6.974523094958639, 67.18940620633055, 26.69853381540714
22330, 18.695389816818516, 6.789926943812493, 63.424533309740774, 29.026585862160488
22331, 17.891028918365073, 7.045010405741638, 57.97986030011237, 34.169182292929065
22333, 17.38701383025751, 6.79175514217838, 54.68825242495815, 35.57751840216469
22334, 13.721251039510182, 7.85597232123708, 37.63136568863277, 55.596146177692596
22335, 15.718840549389292, 7.063841315748009, 44.293704789308094, 46.40600209750719
22336, 16.968476119758723, 7.25116098261098, 53.141209110548196, 39.08828722132667
22337, 16.95831370713365, 7.248501328497811, 53.038407576289025, 39.14087162399158
22338, 16.989483456817105, 7.2238769660696835, 53.13780485132678, 39.01110940684094
22339, 15.343482510316948, 6.976727088280354, 41.911340742331916, 47.8796169630643
22340, 16.634037719998055, 7.284640050835482, 51.28048095865103, 39.849547315021795
22341, 12.725236044296762, 6.881483965528784, 26.22771702217716, 65.4201651721117
22342, 15.289199256650852, 6.53005272632401, 40.77257889009793, 48.25244831338411
2236, 12.916735803328814, 6.288678197895636, 24.684936987397478, 62.998915572588196
2238, 11.917342827824479, 7.011819095171414, 24.16650200882566, 68.98900085622077
22381, 17.031353537985005, 6.882987829013127, 52.38030638226823, 38.30926242851776
22383, 16.26266403853214, 7.030606134789012, 48.59511454246298, 41.642408133991474
22386, 15.569049560159169, 7.046758600000769, 44.0429425087331, 45.91495950147791
2239, 13.514185648074786, 5.816875257272951, 26.901464317588335, 59.268502297292834
22435, 14.69512629864692, 6.846278437248113, 38.37928078328746, 51.61304877498534
22437, 13.502099940470755, 6.157227253817959, 27.859389088030262, 59.48255008466563
22439, 13.126121171902042, 6.068214383204103, 25.05563613414675, 61.48761611621032
2244, 10.198688821309625, 5.856412496872418, 14.799869784766331, 79.07244357970762
2245, 10.32304778363202, 5.887060888653895, 15.49252681016415, 78.01948995670598
2246, 8.801699128315716, 5.886565307022363, 12.495450013452134, 83.2932406982449
2247, 9.888784328939208, 5.9414074190834505, 14.525383273661985, 79.77217785121944
2248, 17.53527358539472, 6.715252638378965, 55.43171981059909, 35.38582204448404
22483, 17.505534309239035, 6.5154362728823125, 55.65245191197627, 34.67310800490205
22485, 16.462236126117197, 6.954653950007263, 47.855457558564126, 40.688725352508285
22486, 16.2092863248983, 7.050073055515278, 46.256410256410255, 42.57393747804707
2249, 15.921778856341602, 6.738255034855188, 45.567052556090566, 44.36840487654953
22492, 17.874898620090104, 7.074983464576866, 57.45447989904453, 34.43431455870612
2253, 16.816726003522575, 6.741725888880454, 50.50208824213496, 39.686713116992124
2258, 17.820362577597354, 6.744559721520245, 57.46872785978931, 33.77739578856897
2260, 17.217942361515313, 6.945527176573953, 54.25111134446428, 37.1661591235255
2265, 17.821631886586236, 6.79329072098582, 57.65837541446497, 33.982027158439855
2266, 17.031649707238504, 6.186132451121063, 50.73430825356241, 36.83545882573041
2268, 16.772863019999406, 6.9946282020431845, 51.47886307892079, 39.641946809022265
2269, 16.890828974715674, 7.007871193830496, 52.17680948444959, 39.07894249867381
2270, 17.372865958182256, 6.733771409365281, 54.621267540067834, 36.32905499767241
22728, 11.949881595656185, 6.149815440980897, 21.460675302438876, 68.11422864073218
22730, 12.325130023157634, 6.166561531815946, 23.347681276487446, 65.535060250296
22740, 11.645004466250194, 5.99846451550561, 19.795379132358363, 71.06427430256852
22751, 13.672396325498195, 6.41637029990613, 29.904113826167645, 58.902979688627696
2276, 15.601094395323816, 7.3254535231069235, 43.68181568992928, 47.37020996655885
22768, 12.344511339668513, 6.208346877557595, 23.69880876080182, 65.21095321236767
2277, 16.200490269390205, 7.610812442756673, 48.45142869597437, 43.417754626097945
22784, 11.95326817872265, 6.160833393023794, 22.052455690935336, 67.8842177808408
2280, 15.427868747876468, 7.060827266606036, 43.62544296954772, 47.32055979338099
22804, 12.314056671269311, 7.171335675715286, 27.55197962257285, 65.35635227881495
2281, 15.121031041589841, 7.57478323507534, 41.98532122390161, 49.52802261023046
2282, 13.929804897543839, 7.741709464585732, 36.347094784258466, 56.73186805871454
22825, 11.94966570526516, 6.987682570340466, 25.675099562238096, 67.36334237971946
22838, 14.652318645633573, 6.882753889415691, 38.46190865777949, 51.66514269214111
2284, 14.644977099480291, 7.830104696071273, 40.691624786911376, 52.79505855786047
22844, 15.152781075387395, 7.263970641822371, 40.92504533391444, 52.15851693892958
2285, 12.01743267706691, 6.244115074448668, 21.879134786860728, 69.6499453489041
22855, 15.712603369723746, 7.280839652582526, 44.58077895617689, 47.83158392607011
2286, 10.351647659903417, 5.945279153779847, 15.449653003217476, 78.11395345481827
22866, 14.939891857942424, 7.415156480115352, 40.72939448729995, 52.50724420266397
2288, 12.349894457097983, 6.4581395318593176, 24.1883941420469, 67.95479556420892
22886, 15.04266631029994, 7.135493206446326, 40.151172051910734, 52.379241953367796
2291, 15.435172271386886, 6.106885453420298, 37.860852379050066, 50.70120476861294
22922, 14.59028387613421, 7.5463650474544925, 39.44321320742596, 54.14498618873258
22954, 15.270886858919658, 6.4037023915137095, 37.953496324157975, 49.198153530518034
23, 14.427871665201497, 7.16917772180395, 37.78530407892799, 53.59299072301575
2300, 11.730131683401982, 6.530103044487702, 22.164569974056487, 71.19780703901317
2301, 11.811857110849731, 6.510761486107468, 22.31331509256855, 70.93427333186875
2303, 10.606050692065505, 6.411183806589236, 18.569240381320917, 75.26452627123768
2307, 11.742415240439234, 6.499918717563899, 21.985581634534217, 71.39322550284777
23079, 14.401533301228447, 6.665628203682651, 35.051831375259155, 54.35729094678645
23080, 14.895281076350436, 6.684109468908572, 38.09416623442715, 51.2727415077167
23087, 13.801733989930657, 6.951459693038734, 34.30369974464042, 56.209988716669635
2309, 13.21837128414511, 6.110225383202922, 25.242814864838024, 64.24315252150078
23091, 11.530234663968157, 6.055705082480452, 19.12869970069837, 72.17270812548497
23093, 12.547587631293505, 6.655755836583011, 25.564803804994057, 64.86835400033974
23099, 13.962411793682994, 6.59372919440362, 32.540453999656926, 56.765967179369895
2312, 12.112195976403244, 6.293636984097407, 22.207265244899137, 70.64094921251515
2314, 11.978677640579507, 6.356396953609749, 21.322384105960264, 71.51682119205299
23147, 13.387659723346285, 6.238203358572849, 27.765482997629665, 61.48488490962401
23150, 13.121878974561168, 6.653740863562038, 27.519814700879447, 61.4104930452511
23156, 14.100641044171677, 6.89609743853005, 36.06872026753332, 53.82930620319344
23181, 13.169256490193673, 6.341841914235576, 27.40222682258155, 62.236893638449054
23186, 12.686786368038414, 6.672875450624617, 26.41089045153646, 62.84161450686449
23193, 14.281984894379633, 7.149380437449025, 37.54550321199143, 52.54550321199144
2320, 12.953928746124578, 5.9956059783710955, 22.999865883979325, 68.2402946425808
23203, 11.386711196773787, 7.03827843248303, 24.47624871774639, 69.70429259054683
2321, 13.193607403503647, 6.145153674979758, 26.107394505581503, 62.74245902937218
23213, 12.978264738558902, 7.221487462836345, 30.58791851782811, 62.40718302420232
23229, 12.314615958001953, 7.386953634623248, 28.452205487608467, 65.05285556716025
2323, 11.378428527567094, 6.4408640827080585, 20.560093808815267, 72.96098853995251
23246, 12.430902416456343, 7.399428283968173, 29.1397257999232, 64.618641868961
2326, 13.39815405223877, 6.14566141282227, 26.06698396598135, 63.284633090157214
23269, 13.083314359316942, 7.1639684954774365, 30.624023233205765, 62.017154178408376
2327, 16.90461069368149, 6.3371936367486015, 50.8496247129113, 37.841250799112885
23278, 15.085947197848343, 7.1379659181122115, 39.93948562783661, 51.033408028391705
2330, 16.510220492033405, 7.077383394214319, 49.70270587279962, 41.5661400485415
23317, 14.2635185103917, 6.495211968549211, 31.637198719925152, 57.70118119863486
23341, 14.263564438789457, 6.492866607449168, 31.421028909922093, 57.65672955164939
23344, 12.642538863558018, 5.959612798116038, 22.50171166612092, 64.07783367566657
23383, 12.694541992850473, 6.196163672166624, 25.498594428826987, 62.47993866598518
23384, 13.555016381648711, 6.389432059290546, 31.00358052031376, 57.33385764844672
23395, 15.188722904666442, 6.726852800221494, 41.1091284095386, 48.63966072628676
23399, 16.703942674610065, 6.715834381211398, 50.790158568323896, 39.6769606396394
23409, 16.989675221054878, 6.848890442118098, 50.901905025846176, 39.458495499512
23417, 13.291652186075355, 6.37708090224121, 27.54957734708964, 61.225211326455174
2342, 19.263722095696533, 5.935681346280681, 68.27186892801, 23.660134547975435
2343, 16.962145980491357, 6.951973429563929, 51.391452692358165, 39.69642622807401
23435, 14.567651121825486, 6.630791893725723, 35.66269305302719, 53.8070350578425
23444, 14.878645766596485, 6.749863392716468, 39.816491770095354, 50.44079262771001
23448, 12.933877953244446, 6.911613330244727, 29.06560995443574, 61.81121164792896
23451, 11.114725141228819, 6.219299496657065, 18.56053435733795, 74.12855945266233
23461, 10.680171608031127, 6.003858122529507, 15.655800465927047, 74.9279116367724
23516, 14.146543218018165, 6.870360329283161, 34.613557425334925, 55.345586605153976
23517, 13.976035680141319, 6.85938608433196, 34.010039864166544, 55.931113032840486
23520, 15.587334668884106, 6.964996058637446, 42.486972456049934, 47.89077859856077
23522, 16.54459182422391, 7.206126707200259, 49.63470757430489, 41.81208053691275
23534, 15.565813795312192, 6.964287989495361, 42.36728581517439, 47.99833229811022
23536, 16.536822405705387, 7.205078890210284, 49.60359589041096, 41.88784246575342
23553, 14.06479576072729, 6.767016472789233, 33.912841236154314, 55.56298514405326
23556, 13.912206148233624, 6.865293103813429, 33.87021429822683, 55.94332094127723
23562, 12.391411217137941, 6.8556573600745905, 26.141005346646445, 65.58552973864529
23566, 11.8342158340487, 6.753207190177163, 23.6672844216723, 68.93055706966096
23573, 16.517928952901656, 7.133278480021093, 51.576610973660365, 40.307686042131195
23585, 17.200362983249054, 7.328736008981059, 54.77610620338616, 37.63204182102253
23588, 14.910579013699833, 6.3041122065602435, 34.79793500261536, 52.40499420072321
2359, 16.800223890877717, 6.963748834117061, 49.63344533614729, 41.574796589930855
23592, 12.483448047740458, 6.9004507867775615, 26.148643293085684, 66.30558271024334
23593, 15.093669789023636, 7.2062730554395955, 41.6654632103401, 48.97104484078273
23594, 16.184316883962218, 6.905530294648632, 46.83251047731434, 43.58389226804571
2361, 14.939544619966231, 7.5260580821767435, 42.039847840006026, 50.59244472901209
2362, 13.994316527815545, 6.969022218388584, 33.93378484520652, 56.70969367339983
2363, 14.798928535998494, 7.192393817824979, 39.824833791154106, 50.93196385206418
2364, 15.5513480389028, 7.120676739749906, 43.7187460526218, 46.76816537006903
2365, 14.774750002984472, 6.953347959390227, 38.788935756002594, 51.57365347177157
2366, 15.111619066341671, 7.30147615628407, 41.53845008671833, 49.47931786546377
23674, 14.240824763240962, 7.055725655603158, 35.320594022046734, 54.63709134032288
23676, 14.504486124448496, 7.389751966371084, 38.47024684771435, 53.76387461125064
2368, 15.3881362450909, 7.336974422502604, 43.507769384320326, 47.630044228736935
2369, 12.12844046242773, 6.983138564957269, 25.366945442299055, 67.74528513695554
2371, 14.192171088795424, 6.735487946992132, 34.715844065537674, 55.202885743672944
23711, 10.406910279433365, 6.658426719861803, 18.773099544455498, 75.54303115138566
23712, 10.281415756121703, 6.67465605851272, 18.526148969889064, 75.9661099597708
23713, 14.775200463718768, 7.322984219002331, 39.768339768339764, 52.65610438024231
23714, 14.09975381486372, 7.140657876828765, 36.710166982843084, 55.310721507640345
23716, 14.547078124414337, 7.225582298527708, 39.53613528869938, 52.652060068513705
23717, 14.407786016346238, 7.268832413856487, 37.51079750642647, 54.61612913297324
23718, 13.629462752564155, 7.681668055505982, 35.58845964014897, 58.52739265042401
23720, 13.14819960208286, 7.2430801091025065, 31.38763170605177, 60.99890878517379
2376, 15.486413852395172, 6.541485622793335, 42.76086736683954, 46.24174744658413
23768, 16.513565623775094, 7.0272546748987175, 48.94231273948874, 42.16051650831977
23769, 17.341537968842406, 6.9616837579953765, 54.533890219857106, 37.057688638242844
2377, 13.326736576153788, 7.074619826629094, 31.933838693495346, 59.91026141240734
23770, 17.303058336880046, 6.971235629234535, 54.29911791628527, 37.327327952067904
23797, 14.958056603078461, 7.767953685888988, 42.3535648025444, 51.15557911476279
23799, 12.459086398688099, 7.04827861909118, 28.051510041391996, 64.7145996218509
2381, 11.394071719520614, 6.3519178654811626, 20.208333333333332, 71.82040229885057
2382, 10.673654807196533, 6.014108690542981, 16.566968927848652, 76.46164339143755
2383, 10.759830896312026, 6.155980812564859, 17.559123891427035, 75.61587386903163
2384, 10.78137662321123, 6.136418726127895, 17.48983149331784, 75.44473249005497
2385, 11.422684295499614, 6.368563188218454, 20.35235115092803, 71.35896666523783
2386, 10.755680906055394, 6.193363497910988, 17.738054314197317, 75.72383814413556
23865, 12.64722788524639, 6.582945689599732, 26.6257332383093, 64.93722931856806
2387, 10.777530390618505, 6.1784434024462165, 17.666821901403765, 75.57824939569335
23871, 14.769533327362783, 6.65839065256255, 37.50652514355316, 51.97494344875587
2388, 10.597483443676927, 5.996265755737391, 16.039347025684247, 76.87641396442355
23887, 12.783111791280863, 6.550845371499935, 26.919730857753255, 64.49282544297246
2389, 18.155742042740833, 6.723080098697244, 58.91619585687382, 32.92749529190207
23901, 12.674807453125528, 6.578077272081365, 26.694672311899094, 64.85071006439094
2398, 17.01826739087621, 6.304057012195029, 52.84689465408805, 36.01513364779874
2401, 19.044747785579478, 6.762516408895466, 66.32500429121404, 27.41840563007283
24031, 12.918325306989406, 6.558009634460637, 27.1703889532597, 64.03325077333561
24033, 12.433049165015461, 6.539108362304158, 25.232176783383043, 66.64083976352462
2404, 17.154707214318126, 6.293336528998486, 53.94774035254345, 34.66865664891512
24042, 12.300796805229576, 6.80678622802141, 25.404889228418643, 67.40132416603005
24062, 15.874928597516336, 7.082061111961814, 44.83718152325881, 46.309945568812694
24083, 17.14177391110467, 6.962888282702413, 52.93020394271801, 38.21569756787182
24097, 15.469919660894064, 6.977995458529908, 42.803438027150776, 47.860872359225645
2410, 18.92643139446271, 6.3758481584986395, 65.29762781788713, 27.093462992976768
24114, 15.524541154323034, 6.990408151965526, 43.337248512863255, 47.4603114462168
24131, 17.275694333630295, 6.90383428448758, 54.17149777125042, 36.92896343820051
24140, 16.128222605553376, 6.983847919348356, 45.60255196315465, 44.91032276450418
24143, 16.062525572116453, 7.029495175156082, 45.37842869326779, 45.08404941169997
24145, 16.154187301236533, 6.985698740876202, 45.65523331217749, 44.85407066052227
24153, 15.002390400194127, 6.8384612178000905, 39.06275429610837, 50.36235699583552
24154, 14.88937159633139, 6.803074326029509, 38.19924413643056, 51.51969840480902
24155, 14.843417197450895, 6.819511955713682, 38.002463754382646, 51.76726997062446
2416, 16.81054532096111, 6.8253836029925905, 51.19662084143417, 39.59951444333692
24173, 15.018974083678698, 6.77343748156417, 38.73701603096659, 50.39590082521883
24175, 14.927159396416473, 6.806481784858355, 38.37308743423377, 51.10710368290915
24177, 15.57817487404542, 6.685539068118332, 41.85171803637105, 47.00073186774502
2419, 17.674490798008378, 6.676733965180813, 55.28268047120205, 36.07182162801125
24199, 15.095329112701295, 6.862859388238303, 40.17860557616552, 50.10899912035798
24202, 14.739912772191799, 6.739871068794416, 37.5240986858649, 52.643637481256576
24204, 15.255879220531467, 6.752548449198043, 40.78811501716327, 49.22462952454487
24206, 10.633554876912115, 6.020618017098127, 16.35460251046025, 77.4411610878661
2422, 16.60350972929039, 6.589018917572246, 49.752667551752964, 39.958695972857356
24227, 17.748510319842442, 6.665060553782651, 57.6530612244898, 33.62671761931864
24240, 15.020191467391758, 7.228991404316593, 40.03002300463992, 51.690256170312324
24242, 15.585045200546265, 7.1322783458014305, 43.145016541995325, 47.99798197359102
2425, 16.366251797749065, 6.188251518708622, 47.33584232940478, 40.70020798256908
24263, 13.523997458651733, 8.142975158019654, 37.64443677947439, 56.62319744225846
24264, 13.72848123712607, 8.014391783014108, 37.81244601544124, 56.40173813668557
2428, 18.26546637419788, 6.832569411582405, 61.862083868839775, 30.99075327275002
24288, 11.218957005144782, 6.533230670663595, 21.39730241362991, 71.25414103170847
24292, 11.246628927673292, 6.540084943472063, 21.575507801000885, 71.01560200176627
24301, 14.897281456761888, 7.078993344379922, 39.89436290548752, 50.21968776292418
24303, 14.407720777822963, 6.764753631553234, 36.515337423312886, 52.85582822085889
24313, 15.44768050960588, 6.718650888545863, 42.11943518495989, 47.51453806661963
24332, 14.664300024633928, 6.96875506150588, 36.90321861191263, 53.83543121593555
24334, 13.499095212882578, 7.040710991307303, 31.24461643289665, 60.396230538806684
24336, 13.833172260565012, 7.088839545455001, 33.332478785858946, 58.04855538749455
2434, 15.181865926574895, 6.886687618188507, 41.287635757031374, 48.5692287950725
24352, 16.391645588950404, 6.979333554939744, 48.723449903454195, 42.15146964170779
24363, 16.044852753405173, 6.846045402532197, 47.26725306990806, 42.627866180623805
24364, 16.26236729426547, 7.055188015625564, 48.37622662469913, 42.097142504474476
24365, 12.489587809427933, 6.089872171501273, 22.587894971072544, 67.63017356475301
24369, 11.587942865250596, 6.803107424120201, 23.9626959784521, 67.87588161111024
2437, 18.05423735897455, 6.21142248640024, 59.31557076509411, 30.15766316304082
24386, 12.355159684816957, 7.196519668041683, 27.225037581167573, 66.63567188928666
24395, 14.152744910967932, 5.905819177423934, 30.25032880792183, 55.92017304535919
2440, 16.73635526626663, 6.715241325308725, 51.43347760159867, 38.331843788598455
24413, 14.635717482480086, 6.3505611881975, 35.4444151043042, 53.526274095590175
2443, 15.211047763821304, 6.622322989153149, 38.77020842908815, 49.47642932795108
24452, 16.34281240890604, 6.493255189476562, 46.94928282403446, 41.45987730417253
2446, 13.301253853783464, 6.688962272723444, 30.607448005436176, 59.89818311443816
24466, 16.020254718288893, 6.320013919841472, 44.03364451428043, 44.15010629448193
24468, 17.046246113368447, 6.2394937788734115, 52.56795979045731, 36.086825711454054
2447, 11.165670396615983, 7.136781515736601, 24.3373240178352, 69.96571054079041
24471, 16.848775630144267, 6.0270361702974276, 48.05735745988392, 39.71730966200068
24472, 18.016403031273004, 6.3905582986984015, 58.26548071205815, 31.348517758982634
24476, 17.994393021627744, 6.418139327471741, 58.155184593077294, 31.51156882428028
2448, 13.644894194779045, 6.686291709513159, 31.931764095019687, 57.338496819696246
2450, 14.678636105276635, 6.493861994234389, 36.65412380621281, 52.131945438557025
24501, 19.101229259028713, 6.74360797698744, 65.37118146033154, 27.74740810556079
24503, 19.100208431756013, 6.749091351989252, 65.37007142699188, 27.77470644169744
24504, 18.30668927457709, 6.71393816648086, 61.03243382888278, 30.946006247211066
24505, 17.183030820289872, 6.660989065871051, 53.22479442554737, 36.493180542254215
2451, 14.759005246280271, 6.528193951352364, 35.79375708251777, 52.056248068404244
24511, 15.48281417908784, 6.961766702717939, 43.01342552869328, 47.63539090496139
24514, 14.14355884836154, 6.864681034524776, 34.88307839148017, 55.90259462989475
2453, 14.837077263764993, 6.495232931781611, 36.192567567567565, 51.98536036036035
2454, 15.11552295214638, 6.679071725402255, 38.79045081882577, 49.74289077504492
24542, 15.575941279226974, 6.8849977020593665, 43.08597765552455, 46.89854614055105
24549, 16.599794778487826, 6.488424111676671, 49.31386528260994, 39.80722066959448
2455, 15.34985247393374, 6.5052005780677105, 40.50151590432058, 48.13680656249683
2456, 15.167852366185993, 6.712780856332248, 39.02149840048321, 49.60850987673654
24561, 16.22263802440217, 6.9046333717995365, 47.555251550817275, 42.43460622213836
24564, 17.788269817318096, 5.9692847573429875, 57.601713062098504, 30.921682081188205
2457, 14.965154030770382, 6.52135303441015, 37.77123529345664, 51.105167938330844
2459, 14.745482903081053, 6.541332424731279, 35.775138297981925, 51.922779763683
2460, 14.555033016656504, 6.990708921607014, 37.07837468343082, 54.147336336538245
2461, 12.532384294004972, 7.310181419162753, 30.104429640668616, 62.287442863974555
2462, 14.896694003912359, 6.938023039938851, 38.79143592974545, 52.26757745575931
2463, 15.236525315069857, 6.751052710053634, 39.59798538953673, 49.28308906937701
24635, 18.15845080470285, 6.765815719656641, 59.925017642907555, 31.92836979534227
2464, 15.367532716291151, 6.697607117730737, 40.1072470625345, 48.534928520734056
2465, 15.111589216554593, 6.757595013333356, 39.00070169185703, 49.94932225476983
24654, 12.486204655120979, 6.874788945662934, 27.01758003815023, 64.33159766974275
2466, 15.50119698822788, 6.343193970045393, 41.30530973451327, 46.766592920353986
24679, 13.980515861730371, 6.161375414217915, 29.076349275998243, 57.82141290039491
2469, 12.904527316698115, 7.164825753513029, 28.92240274119484, 63.15587049252931
24694, 14.06025406566017, 6.814260782335423, 33.72392616383722, 56.770079647995864
24696, 17.86020791677302, 6.244463761322491, 55.22940456769984, 34.356647634584014
2470, 10.261208066972193, 5.927057008583964, 15.206126209120221, 78.53638876093966
2471, 12.265498181471083, 6.335780396477444, 23.37987154045771, 68.09295116423799
2474, 12.762439794353124, 6.785912689321437, 27.136088686492332, 64.28390717357804
2475, 11.061788320810278, 6.411177274223946, 19.68358831710709, 73.70074177097821
2476, 12.90951743488377, 7.079036995052254, 29.425427451160758, 63.166185652358884
24770, 14.33942018112182, 7.152183857976586, 37.34652391923024, 53.993766092966524
2479, 11.920155622949236, 6.735658030887487, 23.504338029477694, 69.13553002938477
24794, 14.767859195597525, 7.1497625261736655, 39.773634335536954, 51.02642297222621
2480, 10.451196166047128, 6.288291960174136, 17.551326412918108, 76.15340253748558
2481, 11.39826011854673, 6.381075070511122, 20.750861079219288, 71.84156142365097
24812, 12.413971407066214, 7.1832230664710774, 28.229754425280458, 65.12865660890792
24836, 15.59850712297463, 7.433560189448709, 45.05186870372515, 46.96654928378277
2484, 12.34759582385681, 6.9370103047333584, 26.074826939550388, 66.04658162202209
2485, 11.287931284047662, 6.565081895466298, 21.29992898471425, 71.4495267587925
2486, 16.164959467607268, 6.421954920963263, 44.63942808227102, 44.18827938828864
24868, 7.257455376783682, 5.065029868366404, 8.107749750726606, 89.76759233722977
24869, 8.226543436526473, 5.617342719089856, 10.291861552853133, 85.36326785157468
2489, 12.599851392966505, 6.611102116956049, 25.60680308020703, 65.33963758219815
24890, 15.13245043292433, 7.279716526623449, 41.810143416843395, 49.90115380467992
24893, 16.688370251040492, 6.635722313195547, 50.53716608594657, 39.515824622531944
2490, 11.182760254534552, 6.51153409470862, 20.304743123788995, 73.1165659646186
2491, 13.064113896390005, 6.032538041411181, 25.300712367161044, 64.94920004671259
24919, 14.906782683709663, 6.865936202610069, 38.759222613914844, 51.54441925380372
24921, 17.357941346568957, 7.0095283314255346, 53.31355420031867, 37.93088291852096
24927, 18.464502294216775, 6.873848820549198, 60.91704016170137, 31.354908164162055
2494, 11.917428846410639, 6.750101914196245, 23.110314569343746, 69.04232662608959
2495, 11.035637869716009, 6.256462867538927, 18.880743995245144, 74.00095563299031
2496, 11.219685522700622, 6.578459891194605, 21.181407963339645, 71.64433845362512
24966, 17.46918327807993, 6.806805010056437, 55.55994977408224, 35.61393274868256
24992, 13.039780935907775, 6.859833015365175, 29.108335679369386, 60.575077419189725
25, 17.00407277711576, 6.781049738550955, 51.777703724590495, 38.64294686114173
25000, 14.045984592953774, 6.682004723464772, 33.45961401000715, 57.076483202287356
2501, 10.781488684744804, 6.790055145316542, 20.684153423958136, 73.25802540047228
25010, 10.858056538635395, 6.663716877167265, 20.750652983919885, 72.68237129098945
25039, 11.23972745924764, 6.764021599207855, 22.47581962065067, 70.5690239919608
25048, 12.935874107821691, 6.479105299903824, 26.790595954073265, 64.64173303976474
2506, 12.925222002205281, 6.673783012010956, 27.18175230339211, 63.64608854687878
25070, 13.567109069704061, 7.34275507613086, 33.80060346995222, 58.76791551420669
25071, 14.108586686466852, 7.313216502919549, 36.492600739926004, 54.61203879612039
25095, 13.776812382314837, 7.146279470722604, 34.34979807393601, 55.61851506679093
25103, 16.376841030227087, 6.728531836006297, 47.12156170828809, 41.64065327542526
25104, 13.415150716148164, 6.995711747484193, 32.063655270721846, 58.66964223120604
25105, 10.862770475523678, 6.317504698572859, 18.988164910911692, 74.745504203171
2511, 18.145048698658094, 6.24964034859852, 59.445614626337516, 30.10700143230264
25168, 12.251633545588227, 6.239777721379365, 22.552637026753857, 68.14379132722024
25184, 11.296926041280821, 6.5354523451994995, 21.693439571370885, 70.73562290092876
25194, 12.304471578505, 7.05556470706368, 27.405297798775084, 65.10615600026671
25208, 10.334298181041957, 6.46571263792376, 17.86023814906926, 74.8323159243349
25218, 11.133033433906927, 6.465681820697557, 20.75811018927915, 71.98867305877093
2522, 13.447765266101023, 6.987107527009329, 32.7038852296553, 58.97620861451753
25232, 13.332055121156875, 6.082552077869298, 27.70129810135354, 58.788746708550846
25233, 13.38380883530207, 5.964936825606206, 27.287495103573818, 59.37118366782644
25274, 13.282683725520672, 6.060559483044833, 27.138549075391182, 59.14310099573258
25276, 13.464394182320637, 6.383170593038214, 29.619484580793902, 59.68408317925541
25293, 13.915152038481812, 6.604400540641496, 32.50091432751211, 57.00489165218981
25296, 13.308850119456835, 6.360358373946745, 28.58347962882743, 60.96304233829598
25307, 7.114265022932742, 4.426730181908846, 5.650410625570313, 91.4833215046132
25320, 7.164836793402899, 4.445615995976959, 5.75177790341298, 91.39464992412294
25332, 14.779339775903393, 7.167906553493014, 38.636964569011106, 51.56222457253657
25344, 15.254617030456515, 7.295796002862276, 40.792548464601914, 50.27592184225828
25354, 13.840947494290203, 7.145655331896261, 34.06826581229009, 57.6170200806599
25367, 16.211844883719895, 7.17496376055004, 46.77080368675701, 44.234516277338706
25377, 13.814537859325734, 7.123376411754581, 33.86719300719019, 57.80064852671648
25378, 17.772985679622728, 6.635687456617933, 58.34543577540201, 32.7824535003762
2538, 16.266698643753067, 6.639232875548654, 46.21320476146535, 43.219987081295564
25383, 16.744270049531586, 6.52464279827056, 48.69356476779614, 40.837641953651556
2539, 16.467120662563463, 6.845990640805406, 47.72819969002365, 42.50055352918555
25395, 17.756658756724722, 6.642218809645001, 58.21225154016041, 32.92232584339988
25399, 16.36056440275278, 6.767978307369179, 48.06644907692774, 42.43100956923295
2540, 15.056567159846827, 6.538827069846555, 36.290294657387214, 50.493403968006646
2542, 17.06143357747215, 7.272626518549943, 53.447054727920964, 38.24592151543162
2543, 16.003916042074888, 6.7058487147174155, 46.323483708961625, 43.00312022177194
25436, 14.466366387023346, 7.293373617646069, 38.92981051507873, 52.48198558847078
25438, 17.298260264165517, 6.697054967285865, 53.59766227007986, 36.3228789304085
2544, 15.203344894593103, 6.691572177691746, 39.284190827404956, 49.4378930276719
2545, 14.059735937553029, 7.397333983997559, 37.05497586045787, 54.804547578258834
25453, 15.429116719965966, 7.10008184254563, 42.05238335859862, 48.09920835438774
25458, 15.002621853533991, 6.976665936938864, 39.93318443367656, 50.71074348879468
2546, 16.63744086822488, 6.985360581759223, 50.58127004652696, 40.6039630319857
2547, 16.818073035373263, 7.0171850492210135, 51.72994084920944, 39.683775603752494
25473, 14.008553503022846, 6.848382451011611, 34.1859677220648, 56.17377109769619
25475, 13.698745021389065, 6.006427956480059, 27.60586016265002, 56.82333945937098
25478, 16.20605903222014, 6.744341678944398, 46.66838284508057, 43.66884621325233
2548, 15.264468761052608, 7.056376142890741, 41.54731377822253, 47.936706485708925
25485, 13.846246784988516, 6.457184800967315, 30.813753352279548, 58.74954969379178
25487, 14.593352661079539, 6.748993683302967, 36.58270644252869, 53.05339619237377
25494, 15.920081183476265, 6.431812847276476, 43.0294017353086, 43.327776304323116
2550, 11.483638094710633, 6.836424109838962, 23.495166959578206, 69.74956063268893
25538, 17.195580094500766, 6.4833832796902895, 53.57557903840436, 36.06794410961866
25585, 15.37530467791127, 7.039712942649509, 41.59469009177013, 49.08107179663346
25604, 12.342565230923306, 6.262062466864284, 23.44732374396, 67.30658010111752
25605, 15.926357938100484, 7.632120091969159, 45.29167714357556, 47.88575978543291
25607, 14.73029260005781, 6.916172084473544, 38.005626969017975, 51.49519012079451
25672, 12.41498219500501, 6.4283864220086855, 23.774832231528816, 66.8825870481075
25673, 12.710931755874789, 6.5317036220921025, 26.128031905617604, 64.63692953923375
25676, 13.048708816046133, 6.534420662287386, 27.15400645609447, 61.42115801086913
25677, 13.410086189943632, 6.48854563668608, 28.67992059672762, 58.4802093358999
2568, 10.517805608656607, 6.116434041056748, 17.24133916930527, 75.76480722667164
2571, 8.93654168897863, 5.853799478799949, 12.417212802108256, 82.9524833269762
25711, 11.11477095015412, 6.5841845815471, 20.427471489794435, 72.41773806929615
25715, 12.62251912269159, 6.532951594736738, 25.599806611470356, 65.32042925346848
25734, 14.202148976764434, 6.902196615125337, 34.698086794213715, 55.8656089594027
25735, 12.741470794140014, 6.514185737998354, 26.00211886484421, 64.6054048421272
25739, 13.828348327787063, 6.839007387056819, 32.99848793636184, 57.90940766550523
2574, 18.03106507798007, 6.286963361243555, 58.69152284814936, 29.955859473931763
25740, 13.798992566528968, 6.8520314307797685, 32.92903124509342, 58.01669545192861
25741, 13.690745707852006, 6.8140185513880915, 32.08269257654131, 58.58730602544387
25749, 13.802498499213787, 6.866947197749941, 33.028174571856994, 57.92360508247179
25752, 13.8187170377263, 6.829192181934102, 32.894668128884014, 57.996501122774035
25754, 13.815944476650266, 6.843781671310109, 32.96704730831974, 57.92626427406199
25755, 13.85879056282496, 6.757328453368024, 32.73633062606346, 57.61046888978546
25769, 13.538713033770714, 6.731708210189584, 31.27462310237958, 59.519619687976046
25771, 13.787384282254486, 6.854016638225449, 32.88969154463246, 58.039862327090944
25773, 13.789665432784396, 6.862792754561983, 32.96047043449853, 58.01372100620712
25775, 13.690657124180133, 6.805443352276548, 32.05472244146277, 58.607384021748665
25801, 13.836146909031376, 6.845528131625853, 33.09556278191545, 57.79660127976503
25803, 13.832155908999042, 6.835027241426157, 32.999725622901344, 57.89226125926022
25806, 13.84343855434996, 6.805641113986943, 32.89668556253511, 57.83795516061488
25809, 13.727355186884154, 6.773113745439225, 32.02283706631533, 58.608695652173914
25812, 17.741752923063014, 6.606609377436552, 55.07100220774619, 35.4438660088855
25826, 15.736280437408862, 7.621374858650107, 46.44431564711874, 44.95407204454045
25838, 16.510239158587797, 6.775433190807831, 50.51949361981137, 39.68494140986197
25839, 15.844101903405805, 6.6452545482668315, 44.08330605309514, 45.0661740635084
25859, 16.490682492141072, 6.717102838890858, 48.68878210336529, 41.17123600374523
25887, 14.38705870710819, 7.706682162258809, 38.96787733262748, 53.85887958253767
25891, 17.002739698794613, 7.229686193913149, 52.24202938979726, 39.91739181297074
25897, 15.465644801940535, 7.252422318681562, 42.78878244601341, 48.98325639989095
25898, 12.99291484416793, 6.700537931811827, 28.214693500448877, 63.19652055678064
25902, 16.72706561783339, 6.545465836291279, 49.97513459750481, 39.04624964864105
25903, 10.96944895694151, 6.050801806428099, 16.607889018886844, 78.29099114156777
25904, 16.284346731742467, 7.184761973165719, 47.45038551643045, 44.35907332441724
25908, 12.532483311842169, 6.676807432168585, 26.924198093346146, 64.76361162994073
25913, 9.942533548968033, 6.2785830653011505, 16.438626359936883, 77.68873017191264
25918, 16.580548083235875, 6.8223096150546025, 48.56524843099021, 41.573165404000044
25919, 16.450451774940447, 7.528565370629328, 50.80256979508439, 42.24542721860941
2592, 12.916541996073144, 6.575029952238993, 27.40896513558384, 63.14775871610404
25922, 11.661295906090805, 6.8082331786925145, 23.512886283131795, 69.17185782337853
2593, 14.317924369162988, 7.4392061195454335, 38.57650705568682, 54.03182103916936
25945, 16.97735124245308, 6.745898917126997, 51.75315415346766, 38.511696765836085
25947, 16.96214089452819, 6.749616818650386, 51.64342996849083, 38.64984772322511
2595, 20.384509724417708, 5.569611618114409, 73.71440602136956, 17.603031738512552
25959, 16.978271501051456, 6.740570895882603, 51.73413260432792, 38.50224520492298
25961, 15.652217650518073, 6.648195351281975, 43.10862300176675, 46.17169373549884
2597, 12.003358493976005, 6.1595703213469255, 21.81552321879201, 69.63515011438409
25997, 14.529599536056384, 7.0786214534358, 37.16102307210635, 54.06170223014306
26, 19.61772534491613, 5.85708477884128, 68.56331106503877, 22.56008600168932
26002, 14.546386261314764, 6.765167585181048, 37.386225895316805, 53.13168044077135
26024, 16.657137881882853, 6.892517025916865, 49.79782616760025, 41.25211756995709
26026, 16.627511982638023, 6.502830396257407, 48.6301706753234, 39.909497811224234
26028, 12.700055115352168, 7.707842728463403, 31.26448963370206, 63.212337992095556
26042, 17.330976184231123, 6.852663057507842, 53.85901883052527, 37.33523290386521
26045, 12.831143295279842, 6.986465988964389, 28.296350120172153, 62.93294580142717
26047, 12.791699596241076, 7.36180574211176, 30.62331626843426, 61.95021246262231
26048, 12.709895883675403, 6.903387219095416, 27.156054753555598, 63.76047989462255
26049, 12.678941144458179, 7.241643528277064, 29.44919396406164, 62.867248458134114
26050, 14.63837125772289, 6.737555806136729, 36.92443750215351, 53.20730012519095
26062, 14.944902169965637, 7.296053615794774, 41.00603834881175, 49.67512977153148
26065, 14.971535465576808, 7.049145394137902, 40.00896258122339, 50.24512659645978
26069, 14.92991259907274, 7.040066025103256, 39.71198591372154, 50.647717268268146
26074, 15.226694423732736, 7.162463663555339, 41.570674991925934, 49.08135070154663
26079, 13.733433908509877, 7.300604209843732, 34.61011201500749, 58.51205829830985
26089, 12.707446012498197, 6.266664639445174, 23.5643279658232, 67.44577719355898
26092, 12.345629871966333, 6.387493694354112, 22.867314802136107, 68.65280413137458
26118, 13.969791283311075, 7.216164839474362, 34.237141799942435, 57.30173087201415
26154, 13.755014637800732, 6.857195982764253, 32.307197637307674, 59.1185156957081
26157, 14.399408260504497, 6.819816947538075, 36.50602553252357, 54.62672690212532
26166, 14.385834842901756, 6.989644271730605, 36.56398667935299, 55.22835394862036
26168, 14.178788274868818, 7.171178444307951, 36.51926668808071, 55.37313965523395
26170, 15.408830478886106, 6.354960266291886, 40.99696034024966, 45.80274650679418
26175, 12.519875213827124, 6.996914124038576, 27.038978432549758, 64.72082390430887
26184, 12.581348156897672, 6.329515432615976, 26.592316368574913, 62.534815735561544
26198, 15.475528957706851, 6.34883586297487, 41.66898134170642, 45.35716442243826
26209, 13.99372215320339, 7.291280525287702, 36.42112109459688, 55.89213017608942
26283, 11.964062206807318, 6.640270818157426, 23.730218480748903, 68.74500946775261
26465, 10.206418147828524, 6.399800249193032, 17.590702775154597, 76.93971425960338
26471, 10.255507995898991, 6.4595395048126765, 18.49710107631057, 75.87611074948153
265, 13.672178061668083, 7.105280470176393, 33.92915219399238, 57.8386605783866
26503, 10.193600734525518, 6.381645660684722, 17.470663012249158, 77.13735662167225
26505, 7.919809429419362, 5.030599479951006, 8.443911914206401, 87.92950755010456
26521, 15.40544274067756, 6.996374139497285, 42.916045380875204, 47.487844408427875
2658, 15.283760064112307, 7.289490408084687, 42.375732046396394, 48.82986218966157
26593, 15.134373884147974, 6.951412360661349, 41.1592885150878, 48.63556288003637
266, 15.085314479390988, 6.827582119402301, 40.09496466431096, 50.2622570671378
26600, 15.591238898130221, 6.738242892296738, 42.79661016949153, 46.51904501549116
26601, 15.959328297978757, 7.050378566445339, 45.779141377087086, 44.31734809577803
2663, 13.620696825701831, 7.07690932212858, 32.42518940272072, 59.49146412707833
26636, 13.216621455687303, 6.956716138794288, 30.756059595285745, 60.05892817433845
26637, 15.671067105352666, 6.418966622732667, 42.50239197615722, 45.97323186222218
2665, 13.017127969115252, 6.553200123636122, 28.37528046044288, 61.852502194907814
26653, 13.773850458638282, 7.218520848527297, 35.501316209756475, 55.37112709409523
26668, 16.105545907888093, 6.501063698926627, 46.14790542702369, 42.30739527135118
2668, 12.39346985291704, 6.592204757830838, 25.390220156402123, 64.80481140667692
26693, 15.203211623200229, 6.983737786925551, 41.733345526039045, 47.99048968954323
267, 15.222677343449188, 6.846503339720622, 40.554603965535144, 49.83909477836603
2670, 13.584380140724408, 7.218938549237816, 33.25508299000339, 59.15883506770755
2671, 17.05186412371976, 6.620755200535883, 50.84613488868808, 38.08291574249021
26718, 14.320332676525604, 6.86951992664905, 36.58501202022714, 53.74595871673713
26721, 15.0182595900309, 6.5694218753894775, 37.65090287249853, 50.306386270637816
26740, 13.152385972802419, 7.323241555174191, 32.2588552518691, 60.078849532213916
26741, 14.338813245577448, 6.874363582671185, 36.68589848883049, 53.66294349540078
2676, 15.417933730285231, 7.411434615001989, 42.99642635177129, 48.64512119328776
26768, 10.559906082240365, 6.701415562658641, 20.235353985115452, 73.77011640480885
2677, 15.535097337476035, 7.157923976688087, 43.04325406454744, 47.83881339480708
26770, 10.174352160436042, 6.194582597394547, 16.611426467040012, 77.62454442708928
2678, 17.746418418319156, 6.682781227745254, 55.6191545592726, 33.951826036945235
26790, 13.343788008666028, 7.379008740165857, 32.62604940068909, 60.28170039307032
26793, 12.750097248313846, 7.242810911588204, 29.092574955695667, 64.23585576679646
26798, 12.659690182386196, 7.189418844519044, 28.46426590125184, 64.85322849079814
268, 14.187556608706243, 7.0272015723788535, 36.099531005732146, 54.94398124022929
26800, 12.852227927493065, 7.028625950183443, 28.881266724818524, 63.37911559898875
26837, 16.56471404691918, 7.264242302611645, 51.0862669354725, 40.63385543697396
26838, 16.484538190376295, 6.917641996493013, 48.70875742431775, 41.98042858264214
2684, 15.684643620413752, 6.885407269342158, 44.05379002352566, 45.85709159057379
26844, 15.49843961778649, 7.0743872886717085, 42.09517303687707, 48.455834554489265
26846, 15.619358220768119, 7.154199417774479, 42.8546489298558, 47.95572780280018
26848, 15.67930154400598, 7.020642707233318, 42.84201586128545, 47.25736535004026
26849, 15.627437840532156, 7.155294253151131, 42.91289214939471, 47.837245549683
2685, 15.066878239177527, 6.983452811794586, 40.8229742757116, 49.52356791313613
26857, 15.23948452557697, 7.054253259834561, 41.01265200231154, 49.33543175418967
26858, 15.723430730993147, 7.026544648767252, 43.69131059201886, 46.591871555353706
26870, 15.706873359094939, 7.096653210021482, 44.13333992046044, 46.745547513771214
26873, 15.707977542530001, 7.040722964123609, 43.64707326052276, 46.57381273775923
26880, 16.57144316432873, 7.253460929627081, 51.04117103753254, 40.677041059083656
26882, 16.516793880809843, 6.8955121817433485, 48.79734586674039, 41.81839725107627
26892, 15.572215148567082, 7.137881815058745, 42.53055892507231, 48.32509097695251
26907, 16.70908712117867, 6.842712877362098, 49.924585218702866, 40.49031970922039
26908, 16.49232889832582, 6.921423122388694, 48.814797448205226, 41.90594884071025
26939, 14.07309099181722, 7.280849469414275, 36.168373521545014, 55.80551007332527
2695, 15.004000217179662, 6.962133934914689, 40.41358409840449, 50.061898961087834
26974, 16.820657816793204, 7.050155659916944, 50.97192429620912, 40.28170618272936
26976, 15.470626208069797, 7.484886023759786, 44.25396343776075, 47.43514374573314
26997, 14.253244984162436, 7.5758335306256255, 38.101320416694314, 54.19431358237675
27, 14.997885168928864, 6.784345983185901, 38.54499859259449, 51.08370224417206
27001, 15.428568249666323, 6.666919352608808, 40.64340618829292, 48.53258981160538
27003, 15.33832518424446, 7.069201326065557, 40.38594073053067, 50.31454876389404
27017, 16.40698547520505, 7.3609312634588635, 48.58590418861299, 43.29671432154502
2702, 14.635241597793812, 7.245123507240579, 38.269467575377035, 53.13639189963546
27022, 16.82270823859356, 7.0403472766519375, 50.993782294342935, 40.22693192997202
27025, 15.501207027976942, 7.4553082675213895, 44.35061834726682, 47.37167304829756
27031, 16.925659070304715, 6.253775732888105, 50.440603866384315, 36.74507214366494
27033, 15.61211578372133, 7.515409348553329, 46.058169780089855, 46.49799006857413
2705, 14.086990678170626, 7.538169922702025, 37.49243900799785, 54.34505007056926
27054, 17.52339949072643, 6.820344432598335, 54.844974218174514, 35.61389019100128
27055, 17.073573738883194, 6.850194795709159, 51.22291893515564, 38.87207599594488
27057, 17.538135943132037, 6.818435544485716, 54.930264312884034, 35.593334783815614
27061, 13.781580118838757, 6.993394916326411, 34.14992131703183, 57.269852318121295
27079, 17.37724350971594, 6.372477599129631, 54.92318489023143, 34.60188872107038
27080, 15.469091365351126, 7.103679216092257, 43.431803468602, 47.72905380081093
27083, 15.607629965706133, 7.130697912398299, 44.23852006158862, 47.254551218186755
27086, 17.733786276663913, 6.832430251177525, 56.72815777378515, 34.625830443320936
27094, 12.998767412010077, 6.583219212268359, 26.999478018791322, 64.72276998028072
27096, 13.929213513084674, 6.612171478732085, 31.92856773392645, 57.56478559975172
27104, 13.211308728746562, 6.6378870617239105, 28.044107629427796, 63.27770208900999
27110, 14.005792837046709, 6.6560306400685, 32.92261244290764, 56.78657136221712
2712, 10.376041859477091, 5.789952629887537, 14.70187887713661, 77.98567411969474
27128, 15.097544265462087, 6.952053768406246, 40.15187977966736, 50.45456976308893
2713, 12.652522820527926, 7.232835311442142, 30.61339335959482, 62.1779381420548
27130, 14.139579626317191, 6.836032426467165, 34.21903354123854, 56.35793344629917
2734, 11.684087586726818, 6.47386725274227, 21.640996865446382, 71.65163886846484
2739, 15.33417443255662, 7.375336165789184, 42.81132338585971, 49.73736810300748
2740, 17.069119658574742, 7.075638133111347, 53.414977733345445, 38.446332818322276
2742, 13.81932419043973, 6.845519991541218, 32.88110126610248, 58.49923768698765
2743, 14.669228485494338, 7.014043208657465, 36.51494252873563, 54.49195402298851
2745, 17.98334671527066, 6.917737977128938, 58.60382957676818, 33.714406839539315
2747, 12.79703354392917, 6.234543218078363, 26.26024082334762, 63.24674188751859
2750, 12.9024015307865, 6.198713573239003, 26.37905820415326, 62.97747879496929
2751, 13.156023575505547, 6.2636989998975725, 27.911256517738476, 61.381395416770125
2753, 13.479507328375599, 6.732557278611721, 31.027676588827774, 58.538815436192905
2754, 15.208755928239285, 6.993356587763956, 40.05369782767879, 51.861913807558025
2755, 13.996670739780813, 7.161756387128537, 35.10913574233614, 56.80132322648077
2758, 11.862480073561514, 6.308739544921464, 22.457644170791582, 66.42520825787757
27594, 14.876380852810124, 6.83321014585723, 38.08958539799397, 51.41195561025016
27633, 13.264032156518, 7.286324164824458, 32.60756044954024, 59.4721307753434
27635, 11.930984269486297, 6.819671747999737, 24.737240791591706, 67.77293816873402
27680, 13.477946422778123, 6.573316912322182, 31.52598971835318, 58.97996397029747
27740, 14.07511128767358, 6.833673772761235, 33.31274583103078, 57.46296958467423
2797, 14.131866498861152, 7.0584425323100515, 35.659249585614546, 56.14546185142398
2801, 18.430120537016315, 6.762699994697842, 61.25393779193975, 31.138429228373827
2802, 18.53353793710262, 6.767143252246529, 61.862203444913874, 30.65395587332539
2807, 17.016142783254292, 7.271133234728519, 53.05903802417157, 39.249666372197055
28082, 14.139764109577941, 6.918518201479668, 34.272808041018614, 56.160820372293166
28087, 12.067098137709792, 7.055993516921704, 26.543469993936093, 66.37923060320462
28089, 14.035453522739255, 7.476746508003252, 36.13963311770254, 56.13617948275175
28107, 11.686792828704364, 6.987341703991928, 24.293287856599996, 69.15861864422489
28109, 14.079879020834877, 7.438443434977177, 36.16250356748439, 56.08209557135589
2811, 19.92454320525515, 5.861157552952818, 71.56298466310528, 21.120110287782182
28140, 14.780095307243604, 6.976988873017662, 38.07699473659695, 52.34873538590526
2815, 18.81866666437637, 6.225104154417435, 63.47346657477602, 27.176659774867908
2819, 18.733341680277483, 6.766107305297372, 63.34691217207104, 29.47151159632828
2820, 18.68704456961661, 6.69791741278876, 62.93678371786847, 29.592299225174283
2821, 19.77214313940079, 6.155944268598563, 69.05980904533311, 23.016743126589958
28216, 13.198419632502642, 7.750609422929476, 34.25551684088269, 59.62485481997677
2822, 17.787143620160567, 6.469622889307258, 57.853108856829316, 32.92203099488772
28220, 14.576496730569884, 6.939598900701604, 36.859030375056804, 52.87147401167465
2834, 13.552678113769876, 5.815673138339495, 24.024246653002486, 63.09798962103702
2835, 13.211466646992811, 6.872760031596834, 30.01029071263185, 60.53236061597266
2838, 13.496500567202903, 7.473247004339555, 33.813947931886894, 58.51459763460425
2839, 14.975342060985355, 7.089798050748763, 39.62505114629701, 50.76316474687233
28393, 15.894242166856559, 7.076614536133878, 45.267694512735275, 45.428938279469286
28412, 16.804102523019722, 7.102213186476842, 50.88749827813527, 40.037782631796446
28422, 16.84189046291842, 7.104845402856658, 50.5117167876597, 40.140463549413425
2844, 15.317106349189933, 6.552916298835554, 41.46371164150025, 46.54939556303414
28443, 12.490052807369254, 7.087950438418619, 28.591033851784083, 63.77977156686244
28450, 10.61303237815843, 6.575640209653765, 19.4676432495199, 74.05505188096407
2846, 15.796848299313847, 7.098411316267429, 45.92721350267673, 45.63434389173319
28461, 14.771066109045389, 7.169480969386819, 39.282896379525596, 51.52559300873908
28484, 14.690960989777851, 7.1857654708177545, 38.918654165250594, 51.944183442953964
28494, 16.527232745131357, 7.1844593178432214, 48.87970285166547, 42.162912373192746
28507, 14.695235509423343, 7.188438518705165, 38.948547857730716, 51.939990679318996
28530, 12.481222630261767, 7.05436534000566, 28.504609029749883, 63.79747604367568
28534, 10.617524087476422, 6.570663310368711, 19.45723634380586, 74.0486866422274
28553, 12.338825968142078, 6.971130147884471, 27.431276657511, 64.76705150249734
28554, 10.623711429755751, 6.5718755742708375, 19.477646987532, 74.02096683785544
28577, 15.415508674064965, 6.8997111033087775, 41.89556502228856, 48.17194310735077
28611, 16.996694682664103, 7.223088992979986, 52.767274340395865, 39.52132491180633
28612, 17.05512157047953, 7.164908192500618, 52.884226652765065, 39.41209013341277
28624, 16.87328477586508, 6.609753776919038, 47.262870084607535, 40.46845113064295
28631, 17.32532941052768, 6.5205369838212865, 50.218304637943824, 37.75081496475351
28639, 16.928253567214405, 6.558842599647647, 47.30782730782731, 40.384930384930385
28642, 17.2835801933981, 6.534670066088268, 49.88915617187868, 37.98641573510683
2865, 17.455022226750923, 6.631701216093214, 54.4810515534312, 35.85481392966883
28660, 17.175359686843464, 7.084228971313489, 53.092378493658096, 38.97837392898567
28662, 16.966611261175924, 7.306506593769069, 52.94094714579496, 39.359472919895126
28669, 17.1792852968857, 7.0821728776282775, 53.11924461272379, 38.94638433132333
2867, 14.906567171524614, 6.9544903437890815, 38.83881057364408, 51.91902517430874
28672, 17.231528791328866, 7.052996958164653, 53.3266521366856, 38.769751693002256
2868, 13.592432016683635, 6.343765134873727, 30.107226627945938, 57.71808332402547
28685, 17.20956058287038, 6.571357124162515, 49.628656543506146, 38.25044478464149
28688, 17.188665161246067, 6.60728716083807, 49.641076563437394, 38.36136452967583
28701, 16.928807888483835, 7.301756797401769, 52.74953863221788, 39.5282847785968
28704, 16.959796157848757, 7.255655805478759, 52.7550086227086, 39.53139304647746
28719, 16.77317634049616, 7.27914953351559, 51.68945921495261, 40.38892255803536
28722, 14.843555261605948, 7.245619541968348, 40.04985197383221, 51.28364333342332
28731, 17.136401404417683, 7.008851151251041, 52.51184917473466, 39.22758329596117
28739, 17.09174378768498, 7.197986466163188, 54.11566876171573, 38.006762965413316
28749, 17.055680754432796, 6.616750425722539, 48.88078210904882, 40.63701376544996
28751, 17.03861639707216, 6.6312929662057405, 48.787195765007546, 40.82177050807502
28764, 16.99397131818765, 7.182841269860631, 52.60866490903765, 39.04057698718143
28768, 16.850874197566842, 7.225966065492139, 51.89228896022219, 40.20044879599907
2877, 16.102665341652177, 6.824514618794472, 45.44370528429773, 44.71413329986193
2878, 16.046671628313184, 6.8146789626239395, 45.1637686385801, 44.80942002853604
2879, 16.11097665101234, 6.814999808258578, 45.525450914408815, 44.53320333999025
28802, 16.945912471755012, 7.298045711925988, 52.803086005349364, 39.55755890156964
28804, 16.946420038771677, 7.306569359953055, 52.858163820414084, 39.47775442938058
28814, 17.220138850261822, 7.053506560130751, 53.207650326574054, 38.835463305573725
28817, 17.208254856173756, 7.038060160839322, 53.11414809006385, 38.93151861394272
28820, 14.476368296035284, 7.132837055608734, 37.09008018512229, 52.73164750781416
28822, 14.479300303106472, 7.180336814454293, 37.5509068085904, 52.43245085398479
28847, 12.298888170644032, 6.371268153539669, 23.526398264223722, 66.78067743490838
28853, 13.612248517020165, 7.504287576439083, 34.34131443744876, 58.074003866434985
28867, 12.174428402975833, 6.5687667135234555, 24.904982809110322, 66.99915603210476
28873, 12.589717313293201, 6.567284942507185, 26.451681602412137, 63.94908956403316
28884, 13.838132564665964, 7.206318716919221, 34.66060698814902, 56.51337809333058
28892, 13.656576314532273, 7.215093859911619, 33.132879534378276, 58.40472555385918
28910, 14.232028506387937, 7.44440286400848, 37.23591447391269, 54.71794218769897
28911, 14.06293363790483, 7.509546879629072, 36.32165698527254, 55.49140409552309
2892, 15.954832006728909, 6.7528323138331485, 45.24560408394782, 44.58763471355644
2893, 16.217756924928995, 6.818418976327375, 46.30773422952904, 43.90980516826377
28935, 14.850095163192787, 7.264778038704143, 40.16420231708967, 50.34880313753776
28937, 15.0166610471567, 7.218274507548775, 41.11053903124876, 49.5120033042327
2894, 18.82636281720161, 5.796477279202299, 61.82080189878783, 25.42454296290017
28949, 15.78116621618315, 7.054115064907163, 45.65561007832405, 44.722562989525336
28953, 14.569831554566324, 6.947590278558757, 38.04807358348204, 52.028216582631714
28955, 16.840069127327364, 6.441845228808368, 49.41436540820814, 38.24101293951529
2896, 16.016669047661544, 6.936859662798328, 46.034004347749246, 44.574150333150705
28975, 14.651827407934734, 7.035265338661525, 38.8120506675796, 51.6432728517631
28978, 15.739211522907874, 7.203201842483876, 45.232520020606, 45.68210555893785
2898, 15.763043955212208, 6.8347182567034315, 44.82584009394831, 45.511059396446775
28987, 15.589611356142933, 7.219457632746183, 45.324684531405076, 46.15648187532492
2900, 19.32844151475945, 5.9841235494119625, 66.89768589216493, 23.899277041530066
29010, 15.376060827401394, 7.422064382117495, 43.47826086956522, 47.87069764249682
29013, 17.141851203553056, 6.998879154725993, 53.489150977249345, 37.57087151025095
29034, 16.957138215131287, 7.131892867750166, 53.20826889248315, 38.194633011817764
29045, 14.786730653180433, 6.978607432434972, 39.10413108752191, 51.12681244349194
2905, 18.778454716678542, 5.9243277581676175, 63.883324987481224, 25.884660323819062
29068, 12.963296111396607, 5.99477981864894, 24.627363505597366, 62.4986970751944
29073, 14.9043969714286, 6.331543704346384, 38.12562354506152, 48.36942966411706
29076, 14.03144338308643, 6.739636698772142, 35.82089552238806, 53.91564660636858
29084, 14.424856796007626, 6.517923271450283, 36.70939441695191, 50.38997018760728
29086, 14.414652204547773, 6.439200123872707, 35.63012063899558, 50.87495863376087
29090, 12.67770232640305, 6.681121325917167, 28.483476859932104, 62.27008573236924
29105, 14.221491999245568, 6.766972501367857, 36.65409185543712, 51.718952969019696
29107, 15.061175283933915, 6.066319058672525, 37.6847356227976, 47.37131749229991
29109, 15.367473154108081, 5.9888488104433595, 39.41477909645736, 44.9547161082543
2911, 15.742073083520378, 6.746789566493271, 44.070528214487744, 46.09202395056194
29120, 14.98394201265488, 6.188687049326882, 37.79930174380779, 47.362295998313925
29123, 14.128476144151502, 6.720744494309034, 35.65708381001587, 52.04911982876334
29126, 15.07226957414617, 6.099758068242833, 38.28639574350977, 46.92872213558389
29132, 12.244814863548836, 6.853901428931494, 27.69320786931791, 63.36796063422635
29135, 16.084296069976475, 5.950586818412834, 43.95825009014628, 40.19257194647747
29137, 15.390770338940328, 6.293644687188386, 40.67982128819766, 44.24908206215111
2914, 11.313089793494942, 6.206438135422883, 19.386453016483976, 72.80562296042173
29156, 14.947839097569057, 6.496780593589143, 39.17741969998502, 47.49523870664013
29158, 13.157496900889244, 6.105533754623442, 26.712335941509807, 61.12874336171951
29159, 15.130762858547632, 6.48304453462237, 40.373584506296964, 46.44089321621336
2916, 14.457754866051442, 6.80922267289891, 35.023448162628654, 56.317663598395065
29179, 13.245226528332722, 6.040553522026536, 27.535002565633082, 58.91740755866922
29182, 13.781534034555937, 6.442800445877078, 31.999789385004213, 55.32329401853412
29184, 14.977455408787117, 6.667189748127516, 40.387691728615785, 47.023828194431374
29192, 15.86849475747492, 6.931224536558228, 46.02964478408247, 43.6297811741581
29196, 12.72394447457346, 6.603693634909215, 27.840132967799246, 62.16244614899653
29206, 15.251596512723712, 6.395604395091056, 40.3034452429261, 45.16396637714766
29211, 13.299559984794788, 6.283075457941763, 27.105088157587303, 60.88445155376624
29216, 12.3461002959446, 6.217093191906433, 22.261932105287336, 66.04896871698287
29219, 13.519179183125347, 6.397656284149525, 28.83933594691862, 59.23878584377428
2923, 13.07443392378912, 6.517873009903981, 27.509153564505706, 61.321702921961375
29230, 14.350044461092107, 6.6380099018444305, 36.30204145667052, 51.78161708469789
29231, 14.48332466179828, 6.544946086715173, 36.563387956872056, 51.37986065159005
29235, 14.541621746485891, 6.565762379973932, 37.68368924854614, 49.618154047567096
29254, 15.094519788158074, 6.400683712568247, 39.53917739215812, 46.73432797592368
29255, 13.118832109356998, 6.072680576655665, 26.187431877253292, 61.73702523685755
29257, 15.387710448138822, 6.5650043170356325, 41.95962297796459, 45.46979153398718
29262, 8.150512076765633, 4.990882371060779, 8.146496753278361, 87.66927248123521
29270, 7.663743376139456, 4.885295986147369, 7.6156835040621695, 88.98117777665641
29284, 8.07276045545587, 5.091382488032647, 8.425174440856944, 87.30188327428678
29291, 15.592913801055829, 6.957358617097862, 42.95933559763644, 47.57711813148467
29292, 15.55049858019575, 7.141655431032648, 44.03469687633313, 47.218798881357536
29300, 7.377729938351232, 4.6010749018806285, 6.5289725693880865, 90.53014932640805
29311, 14.409692200892621, 7.050989522917584, 38.31808585503167, 52.482846586910625
29314, 12.9263765841107, 7.150266058918559, 29.871744960636732, 62.73790985379358
29321, 8.059959056255696, 5.093486682266554, 8.44732397704714, 87.24950864682818
29336, 15.732374128181222, 6.826210817586567, 45.66726866860355, 43.83658451770671
29338, 15.221433826733735, 7.14191269054569, 41.01242870422438, 49.46004567520112
29341, 16.247852039757426, 7.009943089477083, 47.85360960254592, 43.28755750804248
29342, 15.481162860768398, 7.019575223234876, 42.549154278663146, 48.1752674528247
29355, 14.089457723225454, 7.572314503131849, 37.36054577767586, 55.15908960614573
29356, 16.03643006404653, 7.020450474960066, 47.93682909009161, 43.44180295621874
29378, 13.790075844893689, 7.367084207237154, 34.811911221241964, 57.78523059833807
29380, 14.75814785288521, 6.897726731516622, 38.610574732594216, 51.744375257642496
29387, 7.872648608935143, 5.010143427471273, 7.948722869369974, 87.740121668042
29399, 7.983564408902839, 5.000078844907714, 8.039881626248784, 87.82200242308686
29421, 7.369620852951604, 4.641524353012743, 6.635133095154229, 90.44331505057113
29424, 13.171444969119186, 7.3562079162549665, 31.57571006452391, 61.17107881565459
29425, 14.303649632502387, 7.410213581266428, 38.047667153066186, 54.45679150921041
29426, 15.024723931999972, 7.455377536082846, 42.01037417535378, 50.26439039129777
29443, 12.384358822257216, 6.4060448214315375, 23.834676813698493, 65.47338907525159
29444, 12.261827128512001, 6.977935522068379, 26.85554099126575, 64.36608568128432
29445, 15.320215323296654, 7.016014898689032, 42.507615072202164, 47.833935018050546
29449, 14.44052799452051, 7.496703078989767, 38.92004230305714, 53.27479770776458
29452, 16.56345841874263, 7.147312395470798, 49.80136848221803, 41.47900435210549
29458, 17.154986477789265, 6.6148461602976685, 52.54176791181033, 37.08661093035707
29463, 16.271709592808755, 7.5914553684891635, 49.50402713013989, 43.272573124205174
29469, 16.602287026274315, 7.349954505067191, 51.24493563772501, 40.972613980204116
29471, 13.2684551447647, 6.895059357108417, 30.65432116515463, 58.19015714634883
29474, 15.966298299169043, 6.969934444814534, 46.17124889758043, 43.839871160704014
29476, 16.531800141582885, 7.31447017269906, 50.62677302815023, 41.19244477850787
29478, 17.349091092206, 7.238084290308922, 56.12247494021268, 36.128072050068695
29507, 12.32356505216177, 6.801051107254597, 26.215419358885896, 65.57681450348159
29508, 12.732541427178617, 7.311739387669149, 29.284896752348704, 63.95035528637513
29509, 12.315261505521113, 7.075067551856238, 26.97831349480101, 66.13067091449571
29525, 13.922033075404967, 7.411016412331103, 36.03874497818747, 56.185147758361474
29527, 10.97441276113824, 6.2738377661227425, 19.223707355905653, 72.94146347726719
29529, 12.395834187754774, 7.155771676055481, 28.655475166713867, 64.01941347614512
29545, 14.709038664957186, 7.5587710760796405, 41.50850462993367, 50.13462927694228
29547, 16.618324745406408, 7.357260279935444, 52.2233033325225, 39.99270250547312
29561, 13.306206912696155, 7.285992556034704, 32.17136659436009, 59.886117136659436
29562, 15.186223262230536, 6.974132524532627, 41.21826374150201, 48.559171026796356
29576, 12.45638710761895, 6.962066639801307, 27.5564096206298, 64.21026531118275
2962, 13.297394944660796, 7.282271775302797, 32.92712355212355, 59.48627198627199
2963, 14.88005503177599, 6.866961699394829, 39.443853113358166, 50.30867482703566
2964, 13.030653723154037, 7.072733811253175, 30.65032054284835, 60.93793915708608
29648, 12.00754689755557, 6.581625538176245, 24.23983973659678, 68.11293809627705
2966, 13.758256489038395, 6.176802425737311, 29.196839592154376, 58.8513843272262
29660, 8.817387791931116, 5.594228359377792, 11.257269023851729, 83.97964155031046
29661, 7.927947712673727, 4.844540022258061, 7.425829420566535, 88.96444971879676
29662, 11.097521015915596, 7.1101537816283535, 22.83243984038051, 71.9748881454311
29667, 16.060086990878585, 6.653159090053444, 45.45643266866976, 43.56296093963398
29669, 15.990813408327341, 6.662104610526309, 45.33164617198231, 43.81644549711777
2967, 16.12466743797377, 6.93096590159094, 46.89667979890432, 43.55127541883879
29674, 9.806572578043678, 5.916176144681004, 14.276887676836544, 79.79695755922958
29676, 11.059666211784464, 6.927102372707875, 22.3452114414848, 71.5145111004164
2968, 15.919857498585129, 7.2621070086886865, 46.486958859908576, 45.06722237160527
29681, 12.128665175235797, 6.677198388121655, 24.253229422440484, 67.31931247998291
29682, 12.467371302006846, 6.911862609635804, 27.571851733247936, 65.17792810823792
29683, 13.053826403060727, 6.829750124564902, 29.19502163345975, 61.87276320709364
29686, 13.634055416247365, 7.6034906193569505, 35.864553601724516, 57.90203788347538
29691, 10.86779803984945, 7.2046741659728575, 22.850315352371997, 72.69068045598777
2970, 13.926409298570203, 6.651057381754987, 32.246806894259535, 57.04145102321827
29705, 12.782896222731758, 6.463556148539524, 26.621704230009925, 64.59959714191227
2971, 9.933493621651138, 5.911588100330262, 14.30736518277235, 78.59663409337676
29715, 14.790784586566044, 6.782001281850398, 40.334005583317605, 49.35175894373963
29719, 13.529642855150115, 7.2088113689769076, 32.73337980860638, 59.928808331748954
2972, 11.033643579475731, 6.248772567863424, 19.150369355816512, 73.9969014527247
29722, 13.77841957985671, 7.175565186199439, 33.7904288484407, 58.41787814833464
29723, 14.618699171506954, 6.780783941299595, 39.17219736646806, 50.58522932083713
29729, 13.714358447544301, 7.173336622560887, 34.556133256306566, 57.75509767421957
29730, 13.230774074996951, 7.2447391175718865, 32.59530885843186, 60.31238640980136
29740, 17.009157698193057, 6.686137868910031, 52.05377530338404, 37.352797803833035
29741, 16.982951690813444, 6.670833401144817, 51.87705874059548, 37.443765140154575
29743, 16.98335292109351, 6.678171210669378, 51.87651020513084, 37.35026476787826
29744, 14.917248178939074, 6.570821634568839, 35.42160127241312, 52.84977057659081
29745, 15.943723820763458, 6.661101092770408, 42.32829413015523, 45.55027896191739
29746, 16.009688114730277, 6.64253839560907, 42.76013947513305, 45.061275259476766
29747, 15.96553953126112, 6.656554470725614, 42.46316431256986, 45.379534600142264
29748, 15.822698022031933, 6.838639023009213, 43.54509243182515, 46.00823885881592
29749, 15.793993796695883, 6.824252114306225, 43.11646695870051, 46.26634167959229
2975, 10.773779649974479, 6.234571244509857, 17.915302189846063, 72.543384793602
29750, 15.811459606799298, 6.83451715037672, 43.35609556732456, 46.13183931338658
29752, 15.862991095568924, 6.9838435173917475, 44.48391001849117, 45.45902010083676
29753, 15.645891909705984, 7.057627494644221, 43.29493210734523, 47.01432695391853
29754, 15.858626366982305, 6.97537759798302, 44.407741385510874, 45.36142893296216
29755, 15.892519178579025, 7.000218174436029, 44.623506161049434, 45.302614301062434
29758, 15.38653362787714, 6.929989021816457, 41.44427798796435, 48.14640834877993
2976, 12.503848811693752, 6.581657534039859, 25.44465030106531, 63.72626215840667
29762, 15.423410491642597, 6.9066341950061005, 41.57438919083659, 47.97836135520902
29763, 15.759810683720639, 6.692680053310748, 43.763853529404315, 45.024128890071054
29764, 15.894715441740143, 6.996026390107907, 44.66822132711469, 45.33601865592537
29765, 15.902675198630673, 6.966196493581376, 44.57858438240472, 45.404604000370654
29767, 15.140748139405076, 7.0495987712140185, 39.86306833289019, 50.475937250731185
29769, 17.020058913763933, 6.477825555008411, 51.60516779156394, 37.79250697166876
2977, 15.684018008842552, 6.149340684475599, 42.58481946151527, 44.62095034901788
29770, 16.973215969549052, 6.4663064410070765, 51.30538986656613, 38.08856992823385
29771, 16.981948713334603, 6.469489501012168, 51.41634839876381, 37.95462826758796
29772, 16.116805537885003, 6.609272884120601, 43.53772532798021, 44.37110935377253
29773, 16.120362094090307, 6.624870023696921, 43.55509988630827, 44.202736722429755
29774, 15.680207608454777, 6.6333764911631725, 40.842470720077344, 47.24559977147377
29775, 16.003293830284413, 6.615278492591687, 42.52020401748142, 45.24178910757562
29776, 15.43373901480556, 6.919043847324377, 41.66963422699293, 47.929490766648016
29777, 15.403499375317864, 6.910761435444239, 41.346815067620916, 48.20951022591244
29778, 15.396254156371196, 6.907637191123855, 41.317784999681386, 48.23679347479768
29779, 15.407030427981137, 6.934485905767704, 41.55206286836935, 47.93713163064833
29786, 16.617487364161324, 6.880219983830996, 48.688080439286594, 41.186015850248474
29787, 16.39106756442264, 6.864215632765211, 46.92998045139506, 42.728511344114686
29788, 16.569091640130097, 6.850950159970894, 48.455531453362255, 41.33767172812726
29793, 19.061968566020646, 5.242007156281851, 65.62675765870486, 22.389290937043008
29794, 13.48955608061977, 5.7489588763703035, 25.868742111905764, 63.98822044594026
2980, 10.730247487678033, 6.068469359323437, 16.979714500375657, 75.54000751314801
29804, 15.790908351044111, 7.1635064842579, 45.299267635201225, 45.25752045611775
29805, 17.566482906818432, 6.751614448791576, 55.35949529253937, 35.52168815943728
29807, 16.70791080907453, 6.728152385715691, 49.669440473759444, 40.232540330814786
29808, 17.626522518639607, 6.790884645489257, 55.912761936858324, 35.18770386240266
2981, 10.026559427503042, 5.697950545031225, 13.252579632122027, 79.80484522207267
29810, 16.647867740469312, 7.404101104140995, 51.50041136819618, 40.86690434606891
29812, 17.04670434119379, 6.678343184862304, 51.37211855104281, 38.09999002095599
29814, 17.908987746744902, 7.035863220028261, 57.85188846567616, 34.35146686825807
29816, 17.280624717055808, 6.616784901158339, 53.40432536104313, 36.04562955329412
29817, 17.170655995888776, 6.578831690017414, 52.215356954294435, 36.86981834786455
2982, 9.60343086439503, 5.618486097845337, 12.346151249915623, 81.88016110523591
29820, 17.48816970343454, 6.632813813038613, 54.75415762834418, 35.38081465413352
29821, 16.092168068637175, 7.101964689980537, 46.79738247026356, 43.65923908458767
29822, 17.557001902450775, 6.611313149444238, 55.19054667099864, 34.90608040624286
2985, 10.873070922640428, 6.209726494461114, 18.454367026496566, 72.72080471050049
29851, 13.261654681945856, 5.676525356011768, 24.451286125732448, 65.46330320786574
29852, 17.409110828212004, 6.539317860836659, 54.39116610810346, 36.02302999054739
29854, 13.197476321134316, 5.677673019012976, 24.28798253448447, 65.71896397737422
29855, 17.715078611752375, 6.4206939339932045, 56.547619047619044, 33.639579020013805
29857, 13.261420088262643, 5.691311727455735, 24.693999402925666, 65.32988357050453
29859, 17.57241135971072, 6.439760803212032, 55.46756674888571, 34.78298498420529
2986, 15.982878097410119, 6.999005749923131, 46.11713550918684, 44.434870217673726
2987, 10.391336777382636, 6.183483836788823, 16.73409419981262, 75.1469210459075
2988, 10.18663843352812, 5.903645851819149, 14.242469146256271, 77.579965706302
2989, 14.431195305266291, 7.3380029197989565, 37.8690103857371, 54.09293057260118
2991, 14.467563097363817, 7.5115544420528355, 38.73750477419694, 53.76601825389508
2992, 11.487215323277335, 6.256068427942844, 21.39871040884291, 70.66770589763574
2994, 11.360844258078593, 6.2249298738195415, 20.489455283635955, 71.48979361678133
2995, 9.113293055518428, 5.835049067187406, 12.627273131474812, 82.38406473700591
3002, 17.123261053865463, 6.877488687821385, 53.709092097950105, 37.52465644445898
3005, 14.676428962087607, 7.202705642049757, 39.4396205608077, 52.645046626909775
3024, 13.749292793668836, 7.087013929850346, 34.05404102489937, 57.15043266565431
3025, 15.399013709935156, 6.92287333394476, 42.860026374572755, 47.52940226606023
3026, 15.323609789746955, 7.001472421197099, 42.15491502718903, 48.609897033614494
3032, 15.408321622558034, 7.106513253280268, 43.120280206677265, 47.74070945945946
3033, 15.334285551396256, 7.031902238478469, 42.496795313211784, 48.058648416725816
30373, 18.821244231835948, 6.515509448571806, 64.68201097651905, 28.1001332339172
3039, 9.272521991316117, 6.278661022020054, 14.841992501339046, 80.54900910551687
30405, 16.73285150692151, 6.843849493915718, 49.34026725907974, 41.18112356524959
3043, 11.051178470896147, 6.235390173637474, 18.539982589230195, 74.73572938689217
30453, 15.690358816626494, 6.840933376900722, 44.5416628047085, 45.57419594030957
3047, 11.01317856139163, 6.458383493934601, 19.548291699925414, 73.5308357650384
30475, 18.14469296915909, 6.087264651830654, 58.58117022460301, 30.18391060386896
3050, 11.124533577379696, 6.225325285144241, 18.690769789306323, 74.54524969015635
30507, 11.185237442297588, 6.306986303631122, 18.469878739183038, 75.54281070198284
30510, 13.173278319314063, 7.171067911977964, 32.22262943629466, 59.946313777152646
3053, 11.473937549841002, 7.318438299159623, 25.228801872205274, 68.81468789613719
3057, 10.262010023950886, 7.436890835698609, 22.225226110892645, 73.9136846244593
30602, 16.33245506700416, 7.195606284129934, 48.218716767103864, 42.19913151364764
30665, 14.727536909605496, 7.4258369173127505, 39.11307571652645, 51.891542081189876
3083, 10.057734970889609, 5.903576876784438, 15.057898560013674, 79.21633978549758
3084, 10.903597291950744, 6.263192741161531, 18.99628534606929, 74.38404973087711
3086, 10.158247935588019, 6.782959083404272, 18.505291005291006, 75.39351851851852
3089, 8.618598303181745, 5.314585546575791, 9.915942441943297, 85.50600750344304
3090, 9.633275859110883, 5.7939172859913, 13.313098975115897, 81.05315676776917
3091, 14.922314751572603, 6.481962220408, 36.953188987126445, 51.15819980259151
3092, 14.386706951716413, 6.837909399820064, 36.358780324949926, 53.62563988426441
3093, 9.59473359231017, 5.580548671813682, 12.415689307041285, 81.21751084761783
3094, 12.625758376310904, 5.8741096060570825, 20.91705485642773, 62.52867969130224
3096, 10.88782298201433, 6.91542635230242, 21.67266813799512, 72.17795330468115
3098, 15.906409172598385, 7.278679864026516, 45.944702061515486, 45.82747182132375
3099, 17.406236438847074, 6.3344042155257405, 53.84293485841819, 34.1888687404101
3100, 16.09174928023227, 7.09630635733311, 46.871162438272414, 44.08242538255864
3103, 18.49894638441764, 5.827752073840834, 61.32860278107894, 25.692450489681555
3104, 15.512801872105856, 7.276671708853462, 43.62922472861652, 47.92687829873141
3105, 18.886718630405404, 5.6921586199415355, 64.66739177724602, 23.618011746791385
3107, 12.061539435695906, 7.306955674783587, 27.85577387537591, 65.52814871371365
3108, 12.150820828290017, 7.0900640764235945, 26.63564535773399, 66.36894537959465
3110, 10.932479546193006, 5.408745459367861, 14.166600239139099, 78.33718612993225
3114, 16.019087460713827, 6.8461062169662705, 45.7902331791393, 44.38360598254865
3115, 14.37059875735744, 5.932343148415012, 31.651400862068968, 55.27209051724138
3116, 16.165486147834127, 6.936425676860704, 46.873054961708114, 43.788055097015125
3117, 15.870385835137032, 6.61923953090474, 42.66188361452948, 46.05062489808838
3127, 15.176775265328365, 7.59566616593462, 43.01502603153429, 48.539084356993314
3128, 17.150806359110444, 6.589920709346826, 52.852161326403056, 36.514620322765595
3138, 17.1436177769741, 6.314916534048793, 51.56338723039832, 36.878066035540414
3140, 14.11308263180584, 6.621532872074963, 32.56844106463878, 57.15399239543726
3150, 17.297668325918796, 6.543255379209444, 53.77849378738219, 35.66098179730756
3163, 15.312816592806886, 6.707764200109312, 41.528936297766336, 47.439197081046444
3168, 14.171715814366605, 6.913989466842095, 35.93242162757131, 54.97959565122582
3169, 16.85795221343759, 6.7017429720014965, 51.11669939256146, 38.91166304959409
3170, 14.75866813500686, 6.677230324462339, 37.94782755992208, 51.89612094520199
3171, 13.021399865349583, 6.543094828830613, 28.541625987852875, 61.38304541297131
3172, 18.888453394474062, 5.55201946876779, 62.746993258536946, 25.025387542363546
3179, 8.60075205610413, 5.741737977389059, 11.262550737022003, 84.99893185216834
3180, 11.32864407284591, 7.303448011946167, 23.746223564954683, 71.12570602916065
3181, 12.165300399699717, 7.088854896003559, 25.853363488139692, 67.61163414505864
3182, 11.575408668483002, 7.00323910189309, 23.341068606654233, 70.58697911476204
3189, 15.38266196695586, 6.212633209607019, 38.79881540890287, 46.361530749818506
3195, 15.289331866991562, 6.194771693072087, 37.97666264298442, 46.90923722480888
3203, 13.9167741587999, 6.507575285989314, 32.01794265624053, 56.66242347093411
3205, 16.935769763392564, 6.418693382255645, 50.63812718786465, 36.92872423181641
3209, 15.465302240208787, 6.661138153357574, 42.579948141745895, 46.97637568424085
3211, 14.754189488690852, 7.64359872767526, 40.701661342641124, 51.46955438522922
3217, 13.399411269044593, 6.480426175425911, 29.495225386764524, 60.01730536674867
3219, 15.631747882159683, 7.24152381190652, 43.812262313329, 47.50023188943512
322, 17.84346863261417, 7.195588343473512, 58.49405306495883, 34.417200365965236
3220, 11.79078355758319, 7.2047278039526415, 25.411277806518367, 68.36782203828247
3223, 11.567786756040332, 7.343700186186735, 25.937415817235415, 67.94581019665094
3226, 8.301123666837327, 5.481509418615715, 10.152666529746012, 86.1453412747313
3229, 12.79720442830881, 6.207633302162286, 26.36490400085809, 63.076428023333534
323, 13.146489854696823, 6.471295208155195, 28.23264540337711, 61.53696060037524
3230, 9.620669862986468, 5.935736557733653, 14.608090474119182, 79.89212701174424
3231, 14.072103197996094, 7.591619527986114, 38.10025879421068, 54.13940032937445
3232, 10.477920964312467, 6.5127193650793105, 17.71144191271987, 75.8136432257838
3233, 10.727696994410499, 6.67687867005093, 19.606256175240176, 74.6515587882865
3234, 10.089882259659502, 5.706519539164264, 13.606813269751964, 79.96329205118529
3235, 9.085969204871585, 5.505775810275274, 11.055844839943697, 84.08417743927187
3236, 8.74681863754609, 6.143871277490748, 13.8412625314393, 82.36210988699564
3237, 9.602853923088551, 5.6631035091490185, 12.326568249929561, 82.01859615269679
3238, 9.843806560534881, 5.971935240914672, 15.163110004023181, 79.056350205011
3240, 13.854852242121817, 6.66311077764014, 30.79722719896442, 57.308619509037875
3241, 10.863212866560195, 6.682025689459317, 19.54495591760452, 74.29163450209238
3242, 10.311237989279393, 6.188492571262687, 16.33233128281579, 77.63324951057888
3243, 10.130948721211743, 6.49294008384496, 17.616597186034394, 77.07953361125585
3244, 8.037501663180569, 5.251946018396185, 9.039839918647182, 87.08606012891798
3245, 10.179218357287143, 6.437779266756584, 17.744619894178143, 75.78848876781294
3247, 10.43734884963118, 6.694490224851003, 18.709568126713886, 76.65618481932049
3248, 11.641530881026805, 6.474277400934328, 22.69446194181038, 68.81203289126475
3250, 11.6472998922688, 6.506253970986539, 22.830109659056916, 68.72879255378251
3251, 9.321718612995246, 6.441729270853795, 15.291971736147216, 80.58692668956641
3254, 12.794169584429369, 6.236980437164776, 25.38337102391839, 64.00604149815949
3255, 7.867736227422856, 5.095759796414852, 8.242220353238014, 88.61670576778363
3256, 9.06547039294611, 5.649515789289993, 11.235061849185827, 83.53920609406667
3258, 10.122468442960841, 6.308294599734735, 17.094547903746403, 77.16470001661958
3268, 13.616817634142802, 6.781131595054015, 33.42094704692656, 57.12659772204345
3269, 12.722456476145622, 8.007786903384376, 33.911737283745985, 60.41472426534066
3270, 9.760818607767627, 6.200943281845325, 15.458666091085691, 79.82732570688539
3271, 8.084522174108285, 4.8769767693493895, 7.437429990850712, 88.97040590342799
3272, 12.358825092142089, 6.6546429675890355, 24.783596681287325, 66.17132589969877
3273, 12.54827359688832, 7.927656442590936, 32.65477586599219, 61.51038840559416
3274, 11.306371096440927, 6.1402043801774875, 20.304310034504862, 72.45932728693468
3275, 9.158886039102667, 5.4661092497397155, 10.842314386680497, 83.90267058140965
3276, 10.604333014043085, 6.456436180648906, 18.43266747310949, 76.59381436558014
3277, 13.08714042679673, 6.86437634525775, 30.07950565759995, 62.008751283979976
3278, 11.635135218231232, 7.084671678552566, 24.55831970248122, 68.84353409340592
3279, 11.445969420236667, 7.425026412979839, 26.463426176893222, 67.40321983874993
3281, 12.07515410763584, 6.965303669640741, 24.73051860487372, 68.97766719156452
3282, 11.762417210099919, 6.056213923354373, 20.121436568770992, 71.62432176384463
3283, 9.333408258135979, 6.350569727234161, 15.324445991991444, 80.2447335041162
3287, 11.500203761200904, 6.267550430879442, 20.062872310496253, 72.64565214732181
329, 10.591357480457727, 6.436954624425783, 18.376363507578976, 74.93359541011475
3291, 12.572123800767965, 6.061893684995978, 24.612132319584823, 65.87671705166125
3292, 13.320883952577544, 6.543621724341571, 30.29752135673105, 59.17182173967933
3299, 11.551961011339102, 6.517346263119822, 22.9027444951847, 69.3629334900755
3300, 12.724908774957623, 7.467541385383976, 30.383453126867327, 63.07086883034846
3301, 11.37183604472564, 6.089835352662906, 19.95501082683373, 71.20798032249247
3302, 12.577756049849091, 6.433475751607259, 26.734384043079658, 63.879685625854506
3304, 12.483750156497742, 7.015959944882185, 28.109582037407865, 64.06544246090921
3315, 13.172801593581896, 6.766535829498255, 30.08988520684427, 60.45863114576565
3316, 13.04066996365626, 6.342172951145338, 28.16799237471848, 61.54125159211492
3322, 17.202447102792494, 6.790239473124083, 53.99484536082474, 36.09198782259738
3323, 13.01533727639468, 6.655005191581077, 27.14227834425012, 62.139577284084005
3324, 12.418775334735175, 7.186387003120465, 28.32227665908718, 64.46470850230901
3339, 11.4228508354803, 6.161817411317317, 20.107250061423095, 71.73149028446903
3340, 15.99581028486001, 7.286817515949645, 45.83884819398838, 45.82167213942915
3341, 12.659692461423685, 6.626895851474186, 27.734950194889564, 62.90385448245994
3342, 13.292881812885678, 7.110323238246638, 30.535951025501053, 61.882944708726505
3348, 12.488077250683592, 6.684367605081409, 24.976283835061977, 66.61712623324057
335, 14.848840355273802, 6.620582855780693, 38.279399208725664, 50.955421672258495
3350, 10.281591519761209, 6.062329405931622, 15.97046781078491, 77.35103231988849
3352, 16.038478698700402, 7.250569306721856, 45.93181680560321, 45.69565831701754
3353, 13.323884500275978, 7.272970438156932, 31.814316926951598, 60.54396142545016
3354, 13.615165253890362, 7.064598131018435, 31.958359423919852, 59.993346900438326
3358, 12.49044674056996, 6.597134047950133, 24.73714213326577, 67.0018368381049
3360, 12.533743713446402, 6.6220044215977545, 27.155031849903256, 63.492184272887364
3361, 15.973288979691178, 7.290473631471299, 45.70245996064878, 45.92674149514227
3363, 13.30206000641266, 7.128621920438923, 30.649116908289, 61.78180811297245
3367, 12.50603026120185, 6.6013488865707375, 24.83996704271771, 66.61332234757256
3369, 10.256719586463218, 6.065971617434246, 15.923955698962239, 77.42325804482428
3371, 13.738954343005327, 6.342922514410135, 29.484144257004235, 60.11168558173112
3372, 13.582057511414792, 6.868263234693173, 31.67965190873761, 59.25733092842931
338, 15.262775982732864, 7.747228637851292, 44.51085148844171, 48.242349908531516
341, 16.326646095729693, 6.548358251252557, 46.55021942948334, 41.84370636345502
343, 14.655486725310833, 7.638324504142237, 39.595995081679256, 54.06756835880321
3448, 16.336306100040847, 6.928273957547266, 46.94985593256784, 43.79649937642455
3450, 17.876591636563163, 5.746935230933314, 55.443563815250066, 29.493304181470346
3451, 16.005138809446517, 6.06149238846349, 42.097586386525435, 43.8455750419633
3456, 9.839253886401524, 5.933202217592746, 13.863479968446315, 81.21045299676071
3457, 17.84254995622688, 6.972418794823112, 57.39041794087666, 35.00054759437579
3460, 17.480884741965586, 7.166290462159882, 54.628024421496946, 37.50471093691113
3464, 8.720384128182053, 6.181074012387273, 14.32558969099746, 81.58558879921523
3488, 15.534960597852443, 6.979426647483664, 42.80865590237586, 47.69967236271606
3490, 14.835949727179996, 6.868820642880359, 38.246667844453604, 52.20344306381642
3492, 13.278817777921429, 6.941708773638178, 30.67369670163704, 60.719005366919276
3493, 15.709312323492803, 6.638650582974163, 43.73455654276852, 43.434887755638506
3494, 16.456976701678528, 6.564232437101957, 48.6736631157051, 41.22587279822804
3495, 15.500281008094701, 7.036054085584768, 42.70591107057055, 48.214859257165614
3496, 17.652669441692897, 6.294873518426422, 57.67592749188973, 32.11820236466229
3502, 18.27050918169053, 6.62095641318011, 59.46020190920953, 31.614586910239684
3503, 18.516418122339037, 6.543529984560143, 60.770447103352964, 30.225232516154737
3506, 17.856738238613495, 6.761876171043756, 57.90125290942406, 33.16825962792387
3508, 14.232451667832553, 6.890216866586353, 35.62262468915685, 55.31248533758739
3509, 14.123652347752657, 6.72263500614864, 34.29035877006205, 55.014080637406416
3510, 14.298822367726386, 6.682813788810428, 33.862292209214594, 56.41687151653808
3511, 12.667619611171443, 7.489752742443547, 30.483046286329383, 61.91469321851453
3512, 16.66356124190562, 6.887455818084387, 49.9042080825839, 39.722090743119885
3513, 13.770390076630653, 7.352419128059444, 34.34278029586093, 58.056482542212485
3514, 15.595051102596209, 7.295993980480878, 43.98179674135096, 47.713796940656714
3515, 13.857921695390251, 7.25231317559752, 35.327421213487646, 56.664495549209214
3516, 13.968854047381734, 7.118085187184371, 35.729585995494325, 55.64501237212395
3517, 14.794212945388903, 6.9674482282930805, 39.70807409335005, 50.237751650067416
3545, 15.093952520631152, 7.032505349601681, 41.031075353006294, 50.0850454925889
3546, 14.864913071713673, 7.044910594513627, 39.96643296066701, 51.17349286700414
3547, 15.528389700365857, 6.939710796468495, 43.30722494692921, 47.39184539931191
3548, 10.648411595537462, 6.6203927544055166, 20.56547194059689, 73.37141225189204
3549, 11.78513753032856, 6.180434283446581, 21.794372294372295, 68.85714285714286
3562, 12.334384885020498, 6.770834430006442, 24.81530363021284, 65.48339628938545
3564, 11.5127402643535, 5.664612999404085, 16.34077141323518, 75.26838432635535
3566, 13.344568748125427, 6.652038644571304, 29.613578406098018, 61.090285809841006
3567, 11.877854836624484, 7.083900099838264, 25.134735105697853, 68.41718734111426
3568, 14.135489194116854, 7.013584790121212, 35.39082559431805, 55.89591609928082
3569, 14.384534302785616, 7.068616503349534, 36.84424821548993, 54.55702161770132
3570, 13.602011237827766, 6.602531164469107, 29.74975418576632, 58.40130731626252
3571, 13.818721758323894, 6.912596986024882, 33.30644043011837, 57.56425933162731
3572, 12.33877892983397, 6.763089322702502, 26.397005794434357, 65.44602223272238
3573, 15.475554651218802, 7.0957777537090445, 42.793476784810444, 48.306852832611135
3574, 14.469504056655119, 6.624046911885511, 34.77553252434769, 55.511431696265824
3575, 14.77225161525891, 7.0021705824898115, 39.007279947054926, 51.44696468323205
3576, 14.823172179040826, 6.898664684193091, 38.22610868207371, 52.499639648296736
3577, 15.008636283877417, 6.84662674323138, 39.112572888053585, 50.710809117632884
3585, 17.415427202057725, 5.828896841182422, 53.035892031149366, 32.14591018209497
3588, 16.07712130128389, 7.127417196768764, 46.93341210744517, 44.304326124823014
3590, 14.719870776597466, 7.289262348733031, 40.39156852449179, 51.377991148450974
3592, 15.98375374897024, 7.206837653721909, 46.65066279003041, 44.68620287304654
3594, 16.3731294488912, 7.0547650882517265, 48.2326966314894, 42.64619498065588
3596, 14.308292663346283, 7.380939778302868, 38.00714818742391, 53.40029849573858
3599, 14.429848999116505, 6.986714457093527, 36.95363064101427, 53.71930135650324
3602, 16.082394036534822, 6.873281637324952, 45.75397674584492, 44.560952992367504
3603, 16.07580739270345, 7.239890205596129, 47.040760444374904, 44.35240963855422
3606, 15.663565181691187, 6.8674721559558884, 42.950482763969134, 45.87808755671022
3607, 16.671482931242902, 6.683550765225659, 49.05211421438602, 40.48408488063661
3608, 15.161336620800519, 6.893612820433951, 42.39882781319366, 47.53807966933835
3609, 16.159834092464415, 6.698664895392207, 46.7551368017076, 42.32228714344235
3612, 17.018678936240388, 7.4143231761367865, 52.94148131257644, 38.77925416139798
3613, 14.510091141401556, 7.403625963572922, 39.3981783704809, 52.63245153201323
3616, 16.414817009982194, 6.352318314826156, 47.99044042335268, 40.49300102424036
3617, 14.31137722013698, 6.8078890763764095, 37.13010414944619, 52.92197057364854
3626, 11.435793557061634, 6.5496161229221235, 22.286772287326627, 69.91917691275764
3630, 11.008665040004098, 6.679358890327087, 20.96327939972111, 72.6399433365059
3631, 12.241956327896535, 7.00066865865826, 27.44349383676259, 64.04110396191284
3632, 14.291646941026405, 7.097732861668564, 36.89438338751589, 55.344949773333184
3642, 14.55911295998161, 6.200950113683913, 33.63117130370819, 55.091731210246195
3643, 14.335226133447387, 6.238157377927554, 32.877112500811464, 55.88903555276654
3644, 13.185289149857246, 6.768818064965749, 29.420870208971294, 61.362183262105866
3646, 14.518769937967155, 6.183758978348378, 33.370066660184314, 55.455439233353864
3647, 10.427898688324523, 6.398712441161782, 18.1570615138051, 75.00618916700327
3649, 15.594703287181964, 7.219366878216224, 44.55056049388447, 46.16357602060946
3650, 15.411217424928532, 7.064285662144612, 42.54815745393635, 48.19095477386935
3651, 13.309221071300666, 6.658675184127718, 29.57031835406453, 61.270847160076215
3652, 15.807230989321663, 6.949171556765495, 44.45448287730167, 46.106522113233524
3656, 13.599841233693871, 7.10977291240532, 32.62250453720508, 58.91048533458228
3659, 13.656961973017223, 7.061318335016718, 33.414331700840464, 57.75768127559904
3660, 14.140029955408773, 7.010864121921278, 35.4189567302888, 55.29754172079544
3661, 15.060647968520632, 6.374979302881225, 38.54971873864619, 48.32057530161992
3662, 14.614910262018523, 6.652198562136188, 36.21417628815903, 53.53659903598251
3663, 17.31486827653945, 6.578175391519855, 53.88997255355509, 36.19478344927586
3669, 15.65067688319143, 6.906948128168669, 44.19782529131888, 45.82236337233327
367, 17.087229626662243, 6.003417120309235, 48.624062406240625, 37.33693369336934
3670, 14.683434178826326, 6.839074978021441, 37.70853840135282, 52.911334898160064
3672, 13.372764303323242, 6.9708977861877734, 31.488370391150035, 60.315408164509876
3673, 13.511907498209636, 7.17600800668387, 33.445833134570435, 59.03973667891046
3675, 13.595843569100362, 7.0131084519088684, 32.494029747218015, 57.73655578346562
3677, 13.363348983313568, 7.733383679002898, 34.743923826131756, 58.39468130430906
3678, 13.18947857319241, 7.588323082231448, 33.46273664030674, 59.41145458902468
3679, 16.257723214373826, 7.528462292436715, 50.131790641152904, 42.722988623786215
3681, 13.458335251805016, 7.194949389187281, 33.223633007938446, 58.86793711502969
3699, 10.870813348401697, 5.573066331929128, 14.294131510723545, 76.88398538769738
3702, 10.709575082707593, 6.331576888961148, 18.175485400918927, 75.45131169408627
3703, 13.988143400405646, 6.963505734838507, 33.68351759337746, 57.829098057604554
3704, 14.084518992010441, 7.3795387316126835, 36.65792375173774, 55.48098587208864
3708, 17.26375950687563, 6.34793798551022, 52.495115871732686, 35.88402721638372
3709, 14.32234794195518, 7.034204312336193, 35.6680228652547, 55.59463604446303
371, 17.67378419317264, 6.494347095063178, 56.551559481692095, 33.77900288672324
3711, 14.53166071366603, 7.100430187476759, 37.5703405452605, 52.79300475405064
3712, 14.308180848772635, 7.157913870254944, 36.456737359890326, 55.11473089087797
3713, 13.490335309205813, 7.271721120728878, 33.35682807324885, 58.8337941039608
3716, 12.668162890230736, 7.571652328902223, 31.132875659342112, 63.0119012908527
3717, 13.083076984729736, 7.167325379849829, 31.28183134080309, 61.098304115513145
3718, 14.207372608477328, 7.374177338423333, 37.37602584548833, 54.658142766206474
3720, 14.827738747785428, 7.338442109837446, 40.52866317014793, 50.90835371516016
3721, 12.873974350154219, 6.70354887837882, 28.137031191885885, 63.089434163307565
3727, 12.871475983736964, 6.111726308420334, 25.14957873743335, 62.88005209817249
374, 13.83865633657647, 6.548385813518665, 32.6768284095464, 56.995677467581004
3747, 11.033149171200634, 5.736483481977515, 16.923469822082236, 75.18941006214352
3748, 12.897885957114294, 6.676489048901825, 28.324491215863628, 62.97725691424596
3766, 13.0800303177611, 7.01326998010916, 29.878140514517824, 62.41913645253497
3767, 14.43783836991222, 6.680168388062565, 36.2150469860188, 53.49816639926656
377, 14.983465745465747, 6.8126116492687085, 40.85395439107229, 49.30616205725376
3780, 11.256603228525917, 6.251543274909775, 20.93283181085438, 71.49167114454595
3781, 12.85455059494945, 6.675645178048625, 28.0763528539659, 63.336676405180306
3801, 13.145291007223204, 6.879853810143833, 29.538158626888674, 61.71938535290844
3803, 14.082193968518412, 6.617938854649102, 33.837762119025385, 56.02130910943204
3806, 13.51349912658001, 6.806846659888515, 31.24135328889448, 59.97987674506351
3807, 14.893182843485215, 7.055772763247732, 38.99676605929366, 51.892638867123495
3820, 10.378390265185095, 5.919546716547008, 16.792226225570477, 77.08374276667759
3821, 11.091764351171452, 6.2109579443869105, 19.117801652545047, 73.9019826335597
3830, 12.390003092898056, 6.076715864038524, 22.27935239875919, 68.94998512726809
3832, 14.8524776378915, 6.939442732937603, 38.43247815054976, 52.13560755568085
3833, 16.394326565093284, 7.504065571501135, 48.702774837789335, 44.24370714647278
3851, 15.536367897051544, 7.004998816804467, 44.10863492610413, 46.687914549056764
3852, 17.945300819322696, 6.2461282101920625, 57.00766717930872, 32.68485984665641
3853, 16.868723297935222, 6.292360223826837, 48.65181303904294, 40.320411759250675
3856, 16.570327760976497, 6.092347796196738, 47.1859073786838, 40.34376879490994
3857, 14.224300948461977, 6.769866283650811, 34.63789167877153, 55.210624610915126
3858, 16.66682961588121, 6.584649322682874, 49.08045160832209, 39.97727756869985
3861, 17.010867757941913, 7.389154183233544, 55.83241746164329, 36.347650239592035
3862, 18.586567821894267, 6.446749337612694, 64.28260665569043, 25.85243510232634
3863, 15.980513949460951, 6.799211418915191, 46.340851262700575, 43.57918058608693
3869, 11.453943195376851, 6.400543033760943, 20.185873605947954, 72.47211895910782
387, 15.743463091491979, 6.13914176453299, 41.41028312151307, 43.89077945227678
3871, 16.23893722030057, 6.823427172790044, 46.840020946520916, 43.18419846828566
3872, 14.460864490562127, 6.735931554473017, 35.51779524896441, 55.05199086989602
3874, 13.132529206898013, 6.318652327911486, 27.99531115041336, 61.133961255295524
3877, 16.20595808693092, 6.2897559182585345, 42.89838453336552, 45.79234313074617
3878, 17.1071209111511, 6.27096771528382, 50.53153434568374, 37.82106185951371
388, 12.698480146185556, 6.509134251287254, 25.561832332544554, 65.36814892831252
3881, 17.48107231985788, 6.464179010399392, 56.00906095551894, 33.76716090060407
3882, 17.441481704549012, 6.567518655683367, 54.84746586719604, 36.07611176383206
3883, 18.17680755108656, 6.261160103887951, 58.8192785299236, 31.812818924578945
3884, 17.790968185330822, 6.3810986629890545, 55.70516017192657, 34.1146018854931
389, 14.665318666584927, 6.754706934173889, 35.753252203105326, 54.15332287916602
3890, 15.814193483055453, 6.38700348825363, 42.42279936994029, 44.17194769039159
3891, 14.079532726511747, 6.600792364461939, 33.74433311195172, 55.326152868816955
3892, 17.810042698362352, 6.614237767914741, 57.041709577754894, 32.744021055040626
3893, 17.92816271490331, 6.606421953804488, 58.067859559215165, 31.98641081376769
3894, 17.893953245001526, 6.61539347564813, 57.7270844344137, 32.25677432256774
3895, 16.050104751793253, 6.651717900936661, 43.543788715237284, 43.98698908845865
3896, 14.011817233397755, 6.117096687031331, 30.315677249915492, 57.99724367475362
3897, 12.760320409150772, 6.121808858071224, 24.732019027621156, 63.79567341965755
3898, 10.435617483181014, 6.652958215589597, 19.96733678111755, 73.76249173698332
3899, 14.9046628043296, 6.104043626161322, 34.96871315861068, 50.89067095052404
390, 14.65723271406267, 6.697666398829493, 36.82807714593162, 53.6064895290125
3900, 14.470303001541735, 6.1553058434904235, 33.44634815466639, 54.740152181789945
3901, 17.024272398450954, 6.381378471216924, 49.00018131426943, 39.108192814774526
3903, 11.513885988145168, 5.910881196571141, 18.758451603119035, 73.39972449353571
3904, 12.77154982551012, 6.7770996298445265, 27.344292076147703, 63.51192804067266
3905, 15.007474227001277, 7.014715594557675, 40.669609079445145, 50.6469104665826
3906, 13.003398503745233, 7.368693524982277, 30.722990258471857, 62.70746430416756
39092, 13.067724485933516, 7.3835734486286855, 31.601362862010223, 60.858668588651554
3911, 13.949211987831811, 6.4499516001007615, 31.67265304013024, 57.17977208713404
39119, 11.466176279535961, 7.644758432121817, 25.78598079393235, 69.26264603339654
3912, 13.813469316324696, 6.184942872405367, 29.40848936886541, 59.67031828658742
39120, 13.72908710740043, 7.122257436058233, 33.04205542403565, 57.613842083275316
3913, 13.016743494331479, 6.5176462131820925, 26.95124475958801, 62.87976812794369
39146, 15.87855363835397, 6.842242551450857, 44.72068235813416, 45.487945785244136
39147, 13.090070169516048, 6.285367520529827, 27.52476323271101, 62.85062383427196
3915, 14.30765735188839, 7.245216636145945, 36.58721208657099, 55.09709112817265
39157, 17.222731275444012, 6.681176559421032, 53.274539477117365, 37.00620988362991
3916, 14.639657215616387, 8.340321862296808, 42.80613026819923, 51.7088122605364
39162, 12.938542020891235, 6.297211060320491, 27.261866383479035, 63.27536836516033
3917, 14.330071064627004, 7.045877563839768, 36.71620827540739, 54.62284837974575
3918, 14.216150323268364, 7.406202614437081, 37.230553287787, 55.121098841289616
39186, 13.510292688234674, 7.186835370673015, 33.72843372843373, 58.06355806355806
3919, 16.006304146197436, 6.602109626931773, 44.157217857926035, 44.53001044851205
3920, 15.049458568609046, 7.147221686733225, 41.097343301342576, 49.65853532348604
39204, 13.633776428307648, 6.90229352988217, 32.394531402729086, 59.19795644410849
3921, 14.158376138000717, 6.881443004898035, 35.3070544250249, 54.68117310702596
3922, 15.241115682996325, 7.258268973424683, 41.76464965108499, 50.194054105726025
3923, 14.73477281585389, 7.507664822412732, 38.68532522543593, 53.28603726514384
3924, 12.94450597143598, 6.3411065464603, 26.855535827684974, 62.84910770985343
3925, 14.696677458341192, 7.246153359020096, 38.63933598352908, 51.5091872013674
3927, 10.11934323314137, 6.6449132166195, 17.55574092663547, 78.23806359484794
3928, 12.304575585764459, 7.075959878732354, 25.970586083266262, 67.14421599473184
393, 9.402110574252523, 6.195121849314657, 14.642551875897938, 80.45538036263117
39307, 14.71805401405339, 7.363991296256309, 40.07554945054945, 52.43038211788211
39310, 15.501456570330062, 7.10243562026737, 43.50246940765673, 47.52351442322816
39330, 14.270722569886546, 7.880924478905362, 39.05980971871033, 55.051702594476524
39334, 16.64104222787537, 6.83646562476921, 50.24395965282665, 39.77167878645711
39337, 11.18475363169006, 7.269491619832098, 24.178801990231015, 69.61709685866855
39340, 13.460944192364257, 6.995863311028749, 33.15803359423094, 56.97827807580688
39527, 15.451884429861265, 6.781773622922412, 42.48019078390645, 46.08816062774059
39549, 12.849820337052869, 6.197993505341198, 24.68452688985311, 64.96954739062936
39621, 15.915948651709511, 6.803630281843863, 46.124373710580606, 43.64986737400531
39659, 13.995935707210641, 7.974227469473964, 38.52079513527061, 55.37454986743349
3974, 16.67387683650176, 7.144912983058941, 51.37660232051476, 40.22293154988093
3978, 16.815499618756085, 6.767195127441477, 49.859162708494424, 40.39729003276998
3982, 17.13039337878579, 6.929410567491142, 52.664723380124755, 38.774535650685955
3986, 17.4409646579511, 6.452629281071808, 53.47651601763923, 36.254928953078704
3990, 18.192467282281992, 6.341085993450185, 58.20529738900934, 31.897445565086247
39929, 17.948014438260792, 6.3766994637844086, 58.580071060465414, 31.479466086232833
39940, 17.838984241835384, 6.480980524035857, 58.10724646921924, 32.14524819077374
3995, 15.262753889658645, 6.919634756369868, 39.770163051390305, 49.239336147910905
400, 11.365921941911669, 6.461400519076804, 20.8142811345268, 71.87642364216174
4000, 16.98273404978094, 6.791082080310741, 52.90514648938417, 37.826747261810176
4005, 16.287950246305925, 7.0163698624092, 47.24019017691351, 43.757014304079014
40078, 12.731757712152822, 6.509151388471286, 27.424738762647205, 62.409810913916075
4010, 17.112070056408317, 7.13698299309828, 53.04627109417529, 38.605334784975504
40141, 12.951028628824385, 6.4672579915752095, 28.49851777146175, 61.24812811344397
4015, 17.093431056624784, 6.703213849485671, 52.30779102917854, 37.692850660482
4026, 17.12977985472524, 6.84477989369611, 52.74793228723815, 38.130942258638015
40326, 12.774693209125411, 6.824723037695681, 27.61510914997173, 64.60968768362584
40334, 13.070407467194014, 6.96475244356658, 29.085663665964372, 62.95609078720552
40346, 12.748261683006525, 6.957319609952446, 28.17009109648248, 64.34935833499567
404, 16.35673218951813, 6.966122542337599, 48.18302454958403, 41.559485530546624
4041, 14.22143572677044, 6.668982619964278, 34.492863618156136, 54.620201125798495
40496, 16.086581804400772, 6.5983674885914185, 45.2372401554842, 43.97604360317728
405, 17.248614548074375, 6.9595927699527325, 53.610127668705076, 37.785645317026066
4054, 19.362267084358944, 6.262497939059426, 66.37625497802581, 24.435823742444356
4067, 14.685249829613014, 7.280737419697463, 39.46446069194241, 52.17079972865003
40684, 12.758980075255828, 6.334930386752968, 25.129394227982278, 63.835866009689035
4069, 16.56174009451874, 6.6548599086111, 49.59577567370721, 39.51930080116533
4077, 14.563670705957616, 6.918608149092059, 37.08977054575372, 54.07486973215102
40789, 14.893546619635421, 7.6478053367115395, 40.82624064456249, 52.38847528584688
40795, 14.866641818900327, 7.576696737811488, 40.2268096404388, 52.903039907794266
4080, 14.821174669441948, 6.880919497968734, 39.116448638215736, 50.62094242879145
4081, 12.928878207725319, 6.745590715195611, 26.814327368054997, 63.365700987079684
4082, 13.832132115939427, 7.263666402798853, 34.633223542064776, 57.92657748926895
4085, 14.196420401740067, 6.84502627768568, 36.74619183417959, 54.40808235375948
4087, 12.529708847881556, 6.501775540228163, 25.173377092734768, 66.29646994471469
40896, 14.98713371860337, 6.7461399875210315, 39.62001207785571, 49.9899351202366
4090, 13.652246338546403, 7.061819836288839, 32.41371073689239, 59.70646389850977
4091, 13.483045042611526, 7.067530503956644, 31.577137242056992, 60.93023255813953
40911, 14.923341709827907, 6.757562857660087, 38.87782411153295, 50.777992157839044
40925, 14.153777663596287, 6.88460634140928, 35.05909476697787, 55.169050303391145
4097, 13.357538519881178, 7.0390907727827, 31.123375551310172, 60.46015236208401
4100, 12.349146683222266, 6.550186177083335, 24.326085186090072, 68.4176235849825
41006, 8.893962538299524, 5.991314528860415, 12.884604985670252, 83.92635051100416
4101, 14.585458634591628, 7.224798902001706, 38.78408857904449, 53.791606862142025
4102, 12.823031799987865, 6.998059966780123, 28.565652376756002, 63.388108444352284
4105, 15.01082357768058, 7.042315199173214, 39.290694235130076, 51.66692488626601
4106, 12.546989393054634, 7.021036479292164, 27.400171270893463, 65.57296457229852
4108, 14.9478539438612, 7.190134277977833, 40.271408633236966, 51.10781577110956
4111, 12.35091270380521, 7.065118660074204, 26.877143946131373, 66.22411383559903
41112, 17.01830751527355, 6.575092029440157, 52.01180010224521, 36.65909605182659
41233, 14.677797715456666, 8.088175326836584, 42.89494682194188, 51.736745886654475
41240, 16.047651101392905, 6.5449845277545835, 45.958780841799715, 42.89346879535559
41277, 14.882285525812097, 7.034909810954093, 39.50471698113208, 51.33856884785227
41295, 13.503781506743357, 7.4658954274783005, 34.08378401416922, 59.200045462725306
41333, 14.917166859019611, 7.143042969203357, 40.22616245050145, 51.176398546681725
41344, 13.091321744120332, 7.649812656992507, 33.27376084168863, 60.015751370672156
41380, 17.896119229351935, 6.985133676752715, 57.493937422369434, 34.95987855129039
41396, 14.184189507462483, 7.262924894211387, 37.52376024924361, 53.75158870305593
41652, 16.569176062783345, 6.978646560916938, 50.48268180130483, 40.75213493873654
41656, 15.045466836182905, 6.863625857165316, 39.640616832200735, 49.857553580763195
41660, 14.948635655929897, 6.947391232060574, 39.59090547316478, 50.297137399517155
41738, 18.787483724246492, 6.226872558606735, 62.73500193230126, 27.53074632294437
41739, 17.89706152035739, 6.24708615945905, 58.002035278154686, 31.57055630936228
41740, 17.899452349244275, 6.243387689201091, 57.97236383454635, 31.52498495566178
41815, 17.891297029461768, 6.2477674842966735, 57.91718049488861, 31.576521027579606
41828, 18.232463349966007, 6.395490633757057, 59.63962324248078, 30.911862401601674
41834, 17.910046568421187, 6.249679587927474, 58.08298223117787, 31.507602124931307
41997, 10.364975518410771, 6.767381930544493, 17.272942586065174, 77.43288239965449
4218, 16.972031023129663, 6.97545838166249, 53.26654740608229, 38.46869409660108
42189, 20.046581370758886, 5.765462190998684, 72.61113336003204, 19.716659991990387
4219, 16.669928183124807, 6.902893280107901, 51.2162175990831, 40.04052353127782
42193, 20.045443585405835, 5.748114675557303, 72.69133380705985, 19.53021007436172
42211, 15.67373288788053, 7.196189012421189, 44.18556098375715, 46.96542653137918
42216, 15.665522502937929, 7.1958147680730855, 44.148680554104594, 47.0059129562692
42243, 16.785865502895962, 7.180356181801055, 50.05477801210594, 41.51488592478979
42245, 16.618341790071874, 7.2793828551714395, 49.38333924527272, 42.499113209091654
42268, 21.28876417283847, 5.174486517511981, 80.97332506813866, 13.55196741151814
42272, 18.551327915678286, 6.76260362597575, 63.15014625263933, 29.409371791643256
42302, 19.38558839881955, 6.148201499956064, 68.32080645479473, 23.85433311633229
42309, 18.96189764308506, 6.277286696361201, 64.85734643878537, 26.440932738577466
42312, 18.34947615044865, 6.652703443018796, 59.425738438369116, 31.199639437610614
42316, 14.728870866885998, 6.362312555826977, 36.728954301403974, 51.637968407830236
42317, 12.372867344153462, 6.945657146879313, 27.007289999745993, 63.89799080494806
42318, 11.217104603880133, 6.6282379716078115, 21.376493957586586, 69.4217260550642
42323, 13.428196220895474, 6.472372694142819, 29.92615062383764, 57.6286947258184
42324, 13.395482624495427, 6.558858920692535, 29.823781350949147, 59.25465500344815
42325, 12.785761727680892, 5.994135630311676, 24.16964877402253, 64.3914292025624
4234, 16.75212470192032, 6.842069693800356, 50.9193942814146, 40.14061324303988
4239, 14.675410408893367, 6.850947210316399, 38.6154786377021, 52.31957330962831
42392, 13.69153299476364, 6.461752001169189, 31.966513940339247, 57.28212127120297
42393, 14.463887872178853, 6.7012312436167685, 37.123350134946946, 51.94040151337762
42395, 14.35690140599657, 6.842373010393933, 37.167762217776506, 54.07735543488615
4243, 17.0403334669175, 6.934033283240632, 53.31639250255799, 38.205696166949636
42444, 15.641075476701824, 6.49498705202882, 43.13421838970679, 45.51991376840267
4245, 15.689077497937353, 6.9764285823344885, 44.42650816219626, 46.151954757806735
42460, 14.180219909924809, 6.871276994215499, 35.8222833562586, 54.419257221458054
42469, 14.59166129910277, 6.140432336166235, 34.60388352710733, 49.767635810970226
42473, 15.22196958297618, 6.970661635118033, 42.24286385221521, 48.16899754735688
4249, 14.873367573573068, 7.1555182069754535, 39.732997245950614, 51.63609205059983
4252, 16.57561512450006, 6.964301785708487, 49.82175394121841, 41.02149138194452
42521, 15.700460740254202, 7.2668706574219275, 44.727545025152644, 46.78775776659882
42559, 15.917827991947298, 7.197772448311636, 45.43791951128431, 46.05647423805739
4258, 16.463990611788812, 6.476308934170046, 48.65746491299351, 39.98932008404629
426, 12.39506742049105, 6.859138151642837, 26.089173830686292, 66.3503569867405
4261, 17.654077197076926, 6.79603822487154, 56.70220605167411, 34.6186616312808
42633, 15.724823561740099, 7.117842786367368, 46.159089618086455, 44.7740139738322
42639, 16.19284595164682, 7.171886375997134, 48.825910931174086, 43.26555023923445
42717, 12.555620023390425, 6.614749562560067, 26.020547846510755, 62.33807403564893
42719, 10.901568534778875, 5.8901170469642565, 17.06472508953023, 75.81498841373498
42722, 13.78112579685044, 6.880912972486927, 33.111027729698975, 57.71311683753132
4275, 7.957294064644191, 5.74748544399412, 10.48186966520921, 86.59746020780118
4277, 7.850225805817485, 5.763833794007272, 10.293403371170555, 87.30684128154851
42835, 17.625710965829636, 7.108123243363123, 57.5507279173267, 34.574187221845065
42842, 12.008467402883834, 6.6209106371422015, 23.74473972444803, 66.85305816567706
42855, 17.65535901176638, 7.110230233773296, 57.773072172225156, 34.411001033552644
4288, 7.936988218725766, 5.64387182134682, 10.053064424953044, 86.76033479822753
42909, 16.875655135258725, 7.037294670889548, 50.30018031308909, 40.15039750840096
42944, 15.472955771933274, 7.862850716506775, 46.00707075882564, 46.914997181943946
4298, 10.894394995813244, 6.571133211234054, 18.32731752653079, 74.42021311085655
4299, 8.286905666781587, 5.991405562997289, 11.308582011750131, 85.74652586132882
430, 12.354400035375098, 7.482436273013812, 29.830399313009874, 61.163589523400596
4300, 7.719980437810374, 5.336243570930549, 9.276377259903661, 87.21209757159575
43004, 16.89588471918329, 7.042017971147527, 50.984485361923774, 39.778680799748685
4302, 10.418364842281886, 6.673976265889137, 18.543485817208943, 75.77497129735936
4303, 8.273730919108141, 5.7196484632293805, 10.841899167890357, 85.57314044342922
43040, 15.056495254921359, 7.681862718818665, 43.34003232088841, 49.291426677164054
43063, 15.957943249574221, 8.008023380235558, 50.25439833261815, 43.32638590898874
43081, 13.731833247119239, 7.648562360461223, 34.63422442772531, 58.74713195667254
431, 12.725600530947695, 6.157021703237586, 24.979352804264586, 64.63323072302725
43131, 16.01590197068703, 7.024256259928915, 45.437367216865496, 44.55691289426377
43206, 15.079762923082038, 7.183333996016044, 41.50724119435008, 49.85137672090112
4321, 15.939343228531715, 6.84236405879539, 44.780542223978244, 45.239561665485226
43245, 15.294998478814698, 7.2987148106337365, 43.22948140076279, 48.463024419238195
4325, 16.467164901226827, 6.883325882993152, 47.96882078923829, 42.23365821358456
4329, 14.514854161374126, 6.866724895048636, 36.68068429511878, 53.94108192606618
43328, 15.251319399845588, 7.306727721043712, 43.00768473689966, 48.60968893218941
4337, 14.562504019326253, 7.0209761413657725, 37.791735537190085, 52.92341597796143
4345, 17.17653637172512, 6.850073406709768, 52.575570457404694, 38.238247480984754
4349, 16.76177085727308, 6.907724340328108, 50.14678796673551, 40.62063961600714
4353, 12.35932807719463, 6.6249564952340725, 25.86238616502622, 65.52870021157207
43552, 15.21002443699901, 6.489980501413712, 38.6643405670683, 49.82798819558802
4361, 11.537035142756626, 6.620602550931012, 22.491942102070674, 70.41591836249242
4362, 11.06555626127213, 6.224020583421632, 19.02953286951583, 73.81679208670548
43631, 12.360538478685594, 6.312348295738186, 23.561599416330584, 67.11387633504245
43635, 9.639741286033233, 5.033947580196146, 9.651482680528325, 84.53026917757208
43687, 15.933464904460248, 7.046778333715847, 45.81818922248353, 44.8825631471244
43726, 15.914573261288135, 7.069699998101913, 45.82814558184016, 44.89254587776755
43740, 15.936670344682048, 7.060263143868777, 45.85453664278049, 44.86447190777859
43818, 15.927781440815075, 7.052446957037286, 45.8590644520159, 44.8369179443498
43849, 15.931411700478902, 7.05746079062418, 45.84306569343066, 44.847627737226276
4387, 8.72419626362307, 6.1496652229686966, 14.544581783271331, 81.73326933077323
4392, 11.275971356685597, 6.405978418156246, 20.83178934978312, 72.63988490964971
4393, 11.558107806100697, 7.398866245723641, 26.456515620602307, 68.14764183185235
4397, 14.166286418804418, 7.164013692983993, 35.49861105519546, 55.328314344377794
4401, 13.402233264034264, 7.1449875525705355, 32.83258340354588, 59.0627969094527
4404, 14.261600644987844, 7.180846713145682, 36.68730650154799, 54.72229475176247
4408, 15.833682419728259, 6.478975580096233, 43.74296910733933, 43.57855438665892
441, 12.989878306975038, 6.9418372881630015, 29.633492252681766, 62.432382873384064
442, 13.511560109723208, 6.890490153096039, 31.619734090230057, 58.667276665670755
44248, 15.481410257737027, 7.135368427293589, 43.89621437686091, 47.25576566769279
44250, 14.56972556565341, 6.647526461920383, 37.411594285227366, 52.19203567472378
44282, 14.394274314492922, 7.185273182403065, 37.44383495627277, 53.842610310272
44284, 10.606845390609378, 6.579427266166442, 18.92273200304518, 76.07297261431654
443, 13.634932271286184, 6.5632152755465905, 31.03708299527514, 59.44733451057128
44309, 12.057757780242321, 6.66567430337568, 24.09266487968446, 68.70878644883149
44333, 15.364054853966692, 6.936659478480947, 42.33269460211866, 48.196970244766625
44342, 12.194071574750074, 7.032143366886909, 26.13451526064196, 67.18731132846072
44374, 10.02770723031649, 6.126893452832169, 15.45941472609825, 79.2947288568079
44375, 13.320589907300027, 6.397595802616149, 28.361956780732783, 61.76249564691435
444, 12.781881638211331, 6.63327396183716, 27.609562896421092, 63.536434864965706
44429, 13.241139446761874, 6.358370023938082, 27.520788074013037, 62.864259495093265
44434, 11.672756304952346, 6.500271764833277, 22.619617861514715, 69.36239288945659
445, 13.262656130202616, 6.7238313762824005, 29.742293500682766, 61.16873432309674
44564, 14.935027870970293, 7.072564361888429, 39.9919522915334, 50.810961391634514
44568, 13.568169918840074, 7.264237911301053, 35.35922541555703, 54.90896850775674
44570, 17.52358547917054, 6.800749437728308, 55.07597576720627, 36.08104081835336
446, 13.12965142296872, 6.679619598216392, 29.267682116654793, 61.774277406558696
44643, 12.145621549527323, 7.112433649820397, 27.0031739531074, 67.77925668065936
44646, 14.116847859052085, 6.71409639520687, 36.159258364536775, 52.67846358255828
4465, 14.81662287544615, 7.160889040712813, 38.92917686946694, 52.745338105104544
44659, 16.356404141349348, 6.842375547828514, 47.769024711122384, 42.421024267304915
44660, 13.932397311128943, 7.547403354348766, 35.539775818913924, 57.672216780933724
4468, 19.109691820663773, 6.152754738452344, 67.1911816482951, 24.507759391165397
44689, 15.323370629107703, 7.248360934279415, 43.07785245035113, 48.1529864834252
4469, 12.12095153101705, 7.066228377001093, 26.039674214845437, 67.16079471833159
44698, 14.459003055525548, 7.507564737106499, 38.7462449195971, 54.05990457678035
447, 11.999133351230132, 6.513409786952405, 23.16958193772485, 68.2409130380846
44730, 15.330509830171016, 7.20787925101962, 42.89055472263868, 48.356821589205396
44732, 14.484816750521603, 7.511461346858918, 38.88819809577945, 53.96653403438966
4474, 14.914879656213989, 6.8041422056510354, 39.155885189742904, 51.026041839890915
4475, 16.058318541024846, 6.930522852663966, 45.94848838718049, 44.48877643700532
4479, 13.35098977522358, 6.765342977661687, 30.122041669476097, 60.13215561998516
44799, 15.245715812488104, 7.2847189178411496, 42.745948224595956, 48.64388789774395
4480, 13.586684040000494, 6.8987473732112194, 32.391438145387404, 59.436504137317925
44807, 13.574586729754932, 7.320379781879482, 33.831640940559225, 58.82404037420845
4483, 15.559615505677316, 7.1161542687499875, 44.821877252098716, 46.14635476519741
4484, 12.385090293979658, 6.690921114591323, 25.11785781633038, 66.75332022305433
44843, 15.28311516222904, 7.267440501857733, 42.914754345045516, 48.363554284854416
44848, 14.468133014467428, 7.5053657983056095, 38.79632747833177, 53.997766709796345
4485, 14.372020928061218, 7.237426525103414, 36.93548169984789, 54.98122198441223
44871, 15.360698949188416, 6.8966178837721355, 44.40538536958653, 45.928689289045124
44874, 15.385438840090721, 6.393838567661816, 39.65697991361597, 46.036538488419225
4489, 16.003789775134255, 6.626482918392178, 46.90483045779717, 42.27148900356581
44894, 15.369165366480273, 6.907694861634607, 44.38782176924082, 45.970088972833
44897, 14.146434485336261, 7.074944744128385, 35.935581109746565, 53.90337166461985
44906, 15.36422333260233, 6.86854135529135, 44.510823644218064, 45.678277737447786
44907, 14.087780640059691, 7.189537281248724, 35.80629837650544, 54.2054377287842
44928, 14.536417433860487, 6.816366031475978, 36.88770038579924, 52.08289809050265
44932, 14.413258171171137, 7.049116240655722, 39.86091694447432, 51.27074595834677
44946, 15.353081098335686, 6.882218200058817, 44.35437794600771, 45.94343665190687
44947, 15.354843455595866, 6.400085107913729, 39.53170350524671, 46.21985934360348
44959, 15.375873628124948, 6.877376942403697, 44.60614707805719, 45.64056833719755
44962, 16.058279236430327, 6.670584477857537, 45.282151956894026, 42.90269133842919
45000, 14.58049186384931, 6.856471949505896, 36.935391652372786, 52.15802758370637
45001, 14.462544278357447, 7.0952332444957245, 40.21942862600432, 51.1240046321168
45022, 14.633497608888923, 6.840514564523677, 37.22359580382461, 51.809635558535525
45024, 14.400713044631535, 7.0614467553164095, 39.6738741745536, 51.541230600519704
45034, 14.329549446124386, 7.340684809467878, 38.87119307069013, 53.36825929030455
45036, 14.61342227283002, 6.736375954442684, 38.33998689149735, 51.3662634809033
45065, 12.824239222060383, 6.394720257949427, 26.922854999711497, 63.52393591445002
45071, 12.421719393316174, 6.560764102734665, 25.0123412466903, 66.79082708791455
45073, 15.480059903115388, 7.3899354670664, 43.72395206699071, 48.923432311468304
45087, 16.534425642624388, 7.629153651247869, 52.048503236666285, 41.17372014006504
45089, 12.960297640153808, 6.3819054834845765, 28.679903491639074, 61.46454571091359
45094, 12.283666371235881, 6.2261329653106765, 22.676059825673534, 68.81685816164817
45199, 12.946848990577916, 6.485225467699648, 29.139703880547003, 61.194529957487795
45200, 12.365758848914131, 6.2249330665233495, 22.877355553064554, 68.33065550698103
45202, 15.2207610896821, 7.384773478487916, 43.964833972968464, 47.628483230435506
45274, 16.898655132212248, 6.949188674509861, 51.468037465703745, 39.094053213073046
45291, 17.47973770695039, 6.981608741189451, 54.7560651908478, 36.60455486542443
45294, 17.460298267081605, 6.99270252255501, 54.71126219518613, 36.61029079006914
45317, 16.020522658620557, 7.140097880030012, 46.25443310632928, 44.53449663845434
45323, 16.9798364007752, 6.946971994956898, 51.956842105263156, 38.90210526315789
45339, 16.00776798158981, 7.1276530951263934, 46.64268457518705, 43.83614129567152
45364, 16.199128703863472, 7.072377662619794, 47.051531986342276, 43.10296255394913
45383, 17.994930457142612, 7.000668916495057, 58.83541114634464, 33.3174058468355
45397, 16.447921842696932, 7.009117421344455, 48.092509254163026, 42.52382339927262
45563, 15.032125045215444, 7.029709140708229, 39.753341601212625, 48.788755684167015
45566, 13.541674324862766, 6.742387247784131, 32.10274876109665, 57.36746408071589
45570, 15.00980509526304, 7.016394364675707, 39.614007437822295, 48.983175037672986
45574, 13.049567843734163, 6.733456031239797, 29.42786242723625, 60.72265126742271
45576, 16.473724339672955, 6.783447391908433, 48.543914465654446, 41.46121173656203
45577, 16.518706701289684, 6.7422109631936085, 48.657341975729814, 41.26906769335738
45583, 18.11732308411839, 6.4754797120033905, 59.245543019550425, 31.395105626437985
45585, 18.10900423809306, 6.473423745377637, 59.14810635792779, 31.422929748822604
45588, 16.776072270237485, 6.693697242088814, 50.27606280918382, 39.40976074556538
45589, 16.506183686335305, 6.761424001677791, 48.73279657319637, 41.2644270812676
45597, 14.176819447980053, 6.594074286587496, 36.14916763331975, 52.20553657083739
45605, 14.604184633171828, 6.758876709286444, 37.789715521319, 51.63186701804175
4561, 12.420812192928642, 6.440169250253899, 23.987146571073325, 67.50795265546029
45613, 15.033020300703653, 7.083919754516328, 40.12991548508766, 48.47943004819445
45619, 12.923652499171356, 6.888442170331801, 29.924325183228394, 61.58460285617813
45624, 15.88576782408054, 6.65631994242099, 43.354600296895235, 44.92593411452576
45631, 13.194239194546093, 7.439525215000951, 32.20309464800054, 60.468886060687254
45633, 13.733903131763814, 6.683620157995688, 31.756362776770942, 57.29099361752424
45644, 16.750597929071187, 6.718175179889919, 50.28022840263217, 39.582756392504386
45646, 16.525704668124458, 6.77093292394405, 48.83315186735055, 41.17353832430376
4565, 12.664535927342817, 6.472840384859856, 25.226488699745303, 66.33781474675177
45650, 14.82403807512148, 7.025182484769179, 38.49983938323161, 50.52066602419959
45658, 14.851496414741609, 7.09377370777653, 39.30711610486892, 50.3292759051186
45661, 13.208189682915066, 7.408505510976766, 32.17257525083612, 60.52709030100334
45663, 16.5152335695837, 6.752969727665364, 48.63861819454981, 41.35146174943106
45664, 16.59268499434742, 6.7042465684524, 48.9088843023121, 40.963799540826976
45668, 16.11303841350762, 6.781072007155163, 46.331412648184006, 43.554290842110234
45670, 16.197309877271138, 6.9140053753429855, 47.09644741801734, 42.72168300037693
45677, 15.150690663635793, 7.156196323403349, 41.524701873935264, 47.83755564103973
45683, 14.712886393018646, 7.149594032936354, 38.73644302184655, 50.727182323875816
4569, 12.320469419149145, 6.784768081666315, 26.52968367062035, 65.20997280332564
45692, 15.87964829906135, 6.6639453644365485, 43.34992439516129, 44.876197076612904
45702, 13.694740638702825, 7.0565509552799695, 33.82626967450343, 56.61367270612801
45704, 14.51332789566819, 7.919242054165135, 40.14839566916185, 53.05145172536277
45713, 12.859911488919483, 6.943759673623647, 29.926552106430155, 60.95482261640798
45715, 14.912344781353601, 7.076179805900704, 39.37255753365176, 49.70554711246201
45724, 18.16223830310653, 6.440805384093891, 59.43747966869354, 31.054975852663713
45726, 18.024917634866405, 6.544402644224039, 58.86469769218448, 31.857218546310328
45727, 15.164770441319527, 6.949403053168111, 40.059081793051114, 48.37118543010461
45731, 12.991832114396097, 6.843393416031332, 29.48771345272803, 61.42678645802344
45741, 15.361068308308344, 7.4771878782399765, 43.9952714998989, 46.89147781182436
45745, 16.19050043260268, 6.912358756710757, 47.07737801872844, 43.01379990142928
45746, 16.040861160966248, 6.970864722021973, 46.39963609092809, 43.87686103837028
45747, 16.09517616840536, 7.052714060220851, 45.360971030628505, 45.19614906018731
45749, 15.61836764158022, 7.450100624223209, 44.379710837915724, 47.258748474286215
45750, 16.075945303051505, 7.0565321152487614, 45.2506366584681, 45.27457937008902
45751, 17.054115674291843, 6.692296764465962, 52.19176143066107, 37.5737271740669
45752, 14.457832309178695, 7.165915448767435, 37.85452911343648, 53.72408037491173
45753, 16.346267809919464, 7.469752898250223, 50.080594041474235, 42.67318663406683
45754, 17.254977472934698, 7.0600485974610745, 54.881541265295496, 36.68584869242026
45755, 15.672125251411218, 7.598164272904975, 46.1136622525986, 46.8638758365371
45757, 17.093356245904893, 6.8671441894797285, 52.22152126892574, 38.04974765681327
45758, 15.886908754754018, 7.41882658447926, 45.787425623854666, 45.634714146738766
45759, 16.359181734805915, 7.149214600686369, 47.81929436271319, 42.696263507355816
45760, 14.791204554594042, 7.4533462407935165, 39.520986040431396, 51.93052896960643
45761, 14.996102970318548, 7.284672597301116, 40.02011593128822, 51.2466583732564
45763, 16.350719437017737, 7.135746151628669, 47.71894735697903, 43.04053393045425
45769, 16.715801175576743, 6.753029081079457, 50.023702299123016, 39.638539938374024
45772, 15.407656739270669, 7.111550928222832, 42.26044226044226, 49.23653416804102
45773, 15.68565215941765, 7.186286852928362, 44.19546916706591, 46.849633837519676
45774, 16.497250955728294, 7.4728450885523126, 50.52772247525022, 42.11416259852183
45775, 17.012704323550153, 7.023800320231305, 52.327807569117425, 37.81564453638929
45777, 15.87186820007423, 7.605537606007738, 47.743108694477954, 45.360184368304495
45778, 17.111536300275066, 6.867789030594355, 52.343574034866435, 37.96905266002973
45779, 16.05210954428531, 7.185019031103584, 46.35229705691247, 44.856786783268184
4578, 12.626236249469837, 6.504849336176292, 25.184025311551622, 66.38470975657003
45780, 15.64235017913092, 7.144525559940922, 42.807278553444725, 48.71061264972915
45781, 15.801336034416634, 7.111898384773007, 43.595191554057244, 47.79549940036073
45783, 15.291243736571541, 7.748012592603498, 44.986418805084064, 48.39718978144018
45784, 16.537610268782757, 7.188439755201151, 48.68366699243348, 43.43848548658479
45785, 15.333004689720013, 7.338201285113914, 42.20272994192201, 49.9995397940118
45786, 14.08626755936422, 7.009070434899299, 34.000913798355164, 56.868717636308254
45788, 15.444639125798997, 7.139979478266405, 42.44345442083619, 48.54474689121708
45789, 17.34505957014416, 7.158099539284125, 54.1008892151306, 38.48619718833335
45790, 15.248318710864414, 7.771879453574522, 43.84240156362239, 49.70932660663871
45793, 15.288779812204863, 7.800943627798878, 44.33422875027725, 49.14976464499593
45794, 15.877847343303893, 7.664701954788129, 47.55144778704039, 45.76134670371712
45795, 17.258405786908146, 7.199469814480278, 53.55477908642223, 38.23907748168557
45796, 16.830169923834895, 6.791189013143714, 51.936140048079885, 38.38624175553227
45797, 16.059883530249948, 7.107194791216268, 46.41074539718416, 44.50016480670528
45802, 15.03516635188836, 7.010208410180175, 39.10601363918165, 51.082455052696844
45804, 14.066312983727489, 6.751160043490871, 32.93705437742893, 56.90504605404082
4581, 13.065150238667513, 7.161476578760637, 30.874456945527456, 61.24763283947867
45812, 16.071050710098774, 7.404582375747554, 47.15420592888094, 45.32980259990371
45813, 16.602064999255333, 7.090952967238306, 49.11727888807355, 42.52773341390771
45814, 17.237311401562543, 6.919207707607686, 53.80505527384353, 37.38998659439296
45815, 16.708088082581817, 7.326049270154834, 50.60842356213371, 42.419539088109666
45816, 17.453310795680952, 7.017371848346816, 55.057392234381865, 36.388204511163316
45817, 17.583790739289633, 6.960179580033386, 55.70621254646135, 35.6491314571797
45819, 14.153547046181881, 7.91759480124943, 38.443653697114144, 55.172126434386946
45820, 15.34512722068043, 7.230537018958254, 41.583871293120836, 50.48794633851119
45821, 15.324185846736805, 7.281398407604879, 41.65964616680708, 50.49567994357478
45822, 14.134756449012782, 7.881923945222963, 38.32125420235501, 55.28187454597672
45823, 15.204484275366951, 7.526651841163219, 42.493533263277016, 49.64432948023604
45824, 15.843463914906208, 7.061025954695394, 44.89088473962026, 45.43561693171714
45825, 15.60718194861144, 7.275667036085037, 43.12680032811278, 48.992770073062324
45826, 14.169301723530142, 7.92350015231051, 38.50674479850285, 55.08717853181021
45827, 15.82738495012352, 7.052707977297583, 44.90681902533938, 45.43992442050094
45828, 15.360312869755067, 7.261552154945485, 41.761194408182405, 50.4163445330224
45829, 15.407963139476774, 7.257011685376918, 41.97955553818189, 50.1612493403436
45830, 14.081775707755819, 7.889789027225699, 38.05108718598269, 55.38188727042432
45831, 15.185835413354255, 7.529110201369597, 42.40468555590398, 49.748626804374
45832, 15.59061734959365, 7.265159915629922, 42.993708790689766, 49.1007160265251
45834, 13.266919738142079, 6.8860784800532455, 30.171096283594885, 61.3039102396839
45837, 14.090410305148882, 7.007634184162608, 33.97515755532757, 56.862816942693826
45839, 15.46345326627181, 7.0940353424371585, 42.259302472693534, 48.77208766183561
45842, 16.017201197941706, 7.266370917973669, 46.65411237785017, 44.912459283387626
45844, 15.695106675590388, 7.150505471595673, 44.55164643826497, 46.45362830952015
459, 14.164677323715395, 7.061640425525426, 36.65153160267167, 53.3872931267068
46073, 10.846111380716101, 6.118647562222384, 17.094060719900366, 71.87978521407133
46076, 10.827963363687433, 6.102100960994291, 16.94955209806695, 72.05686407150031
461, 15.645896154581834, 6.922510694393599, 43.67713747333982, 44.82844304557596
4611, 17.08039471141514, 6.618651844796232, 52.0441354678232, 37.036800816378594
4612, 16.889682681634024, 6.568486660294987, 50.64696794129008, 38.0359212050985
4613, 17.258347960139677, 6.529555945041613, 53.004958677685956, 35.65289256198347
4614, 17.40353241796705, 6.55626931704414, 54.242310705405494, 34.99097380700977
462, 9.01474490324431, 5.905062445055746, 13.164997301025611, 82.96047501949259
4620, 13.122744149795176, 6.868332068559074, 28.492610480997087, 63.20616486677159
4621, 14.003854955375674, 7.037303819942535, 32.77691259489975, 57.16209201219908
4624, 12.841450394705792, 6.400777388789683, 25.8054381973784, 62.914093814321305
4625, 12.806472363368721, 6.408322164834093, 25.669102410295565, 63.30352273966626
4629, 14.199783872181714, 6.7892854099981985, 36.28624972207223, 52.274772628614386
463, 10.650115485285193, 6.926286929544435, 21.226431413250303, 73.18629994810586
4630, 13.023161137476057, 6.887101399322315, 30.616402456511633, 60.110365015476816
4631, 11.518140295476696, 6.4216731366877235, 21.123256542861622, 70.56593794076164
4634, 19.975294317220904, 5.7502417406180495, 72.52634019423479, 19.39771761250934
4635, 8.937638700068709, 5.912528864891441, 12.360663196349476, 83.6168020447216
4636, 12.832884981190448, 7.2225877972667165, 30.830422017746724, 61.69036723580837
4637, 11.954288945011708, 7.04202731518162, 25.88217678473389, 67.00717054585988
4638, 11.65583813209639, 6.857132166856254, 23.94591935509466, 69.21148261580208
4639, 13.70900236241351, 7.1507389101203, 33.557582668187, 57.65792474344356
4640, 14.811249065329388, 7.035924941560757, 39.39782019983725, 51.25331839223063
46400, 14.468327793207171, 5.908513534919654, 31.300688599846975, 56.855394032134654
4641, 16.25066340951587, 6.963743656711869, 47.706825542804594, 42.864568755248115
46422, 9.780921355987429, 5.045896240666944, 10.27061855670103, 83.41494845360825
4643, 18.120943660718833, 6.732201266580561, 59.970860889314224, 31.82590809753032
4645, 13.073731003771531, 7.141143238872131, 31.44795142497675, 60.655872217055965
4646, 12.294264891124573, 7.005093415714869, 27.69205243072839, 64.10320225651236
46465, 14.818585704241917, 6.540885611507941, 37.72056403635351, 50.993645730487835
4647, 13.927274507413197, 6.819119195764864, 34.379382425316855, 55.40443997565687
4648, 14.71490666001696, 6.977879375556113, 39.72163503788329, 50.32658005367788
46484, 16.75212547512698, 6.702957084245068, 50.499711704785696, 39.33211608687296
46485, 17.20936241725824, 6.676028696685083, 53.63094061420747, 36.55708920078607
46487, 12.200459904519185, 6.581181394266837, 24.97579521571776, 65.67525444541525
46489, 17.461121462999408, 6.820790680991019, 54.709966476541524, 36.24823247167983
4649, 13.391168243132794, 6.783469722428182, 31.328710909862746, 58.289703315881326
46492, 17.388152035891885, 6.861084209420419, 54.38012050113169, 36.727342280595494
46497, 17.38965008392951, 6.856307533937956, 54.40949024985251, 36.68861712135465
4650, 13.335343529376498, 6.828989927057733, 32.09440115511962, 58.515272971694586
4651, 13.2305680436184, 7.02792920333971, 31.915408439798682, 59.27216415021294
4652, 13.190629570111547, 6.927265482452159, 31.244958322129605, 59.370798601774666
4653, 15.507905926696306, 7.010740206720125, 42.82119664301104, 48.185146679925865
4654, 14.419966485857591, 7.197440028782246, 37.97373411451699, 54.52152500636834
4657, 18.16245061648339, 6.668077527686253, 59.6457456650849, 31.369564568597607
4658, 15.356219014507213, 7.028722646253174, 42.27003960506499, 48.55525185474424
4661, 14.560522389742617, 6.713528387355705, 36.15957363429736, 54.128066462888945
46642, 16.594191933134496, 6.861156990068893, 49.315653897745754, 41.19727923457699
46644, 16.457001601542956, 7.065386480210416, 49.148735901712435, 41.91918357910729
4665, 13.505305216992113, 5.803726250648111, 25.65969659696597, 64.0770807708077
46664, 19.31034246446289, 6.579567241604185, 65.25462146778824, 26.917846169344685
46665, 19.698105053727044, 6.429492239050688, 67.83949464246294, 24.77202873202126
46667, 19.360484905945125, 6.761708939711777, 67.3611439041206, 26.05800742328797
46686, 9.561644617131718, 5.662206982387595, 11.68734767601539, 83.16734916059433
46687, 14.107448181381994, 6.90151328146795, 33.54381838633807, 57.63370487779936
46688, 12.58055315915053, 6.782032458049329, 25.87978114456842, 66.42995236229925
4669, 14.577169334979503, 6.160604783143813, 36.07378670708836, 50.05780643835265
467, 16.544004568800208, 7.08688200813723, 49.50577071526745, 41.98407169619491
4670, 14.155786920816762, 6.136538697237465, 32.95296698731679, 55.60358816580337
46707, 16.615658688277946, 6.9677333317164605, 51.59776475694444, 39.4775390625
4671, 18.570026159527686, 6.149943805074934, 61.5440193634623, 26.79696061076792
4672, 11.877163618782038, 5.827361269857338, 18.858212447356106, 71.98564966463891
4673, 18.503262074873355, 6.131401536014584, 63.12780526160601, 27.04026471840907
4675, 17.813087886418007, 6.236535685846793, 57.46447998700982, 31.56044491353414
4678, 12.786811178583477, 7.10347709486837, 29.492650910547564, 62.85474378331741
4679, 14.886987485849902, 7.23921311993725, 39.275957935452674, 52.25915629155082
468, 18.6960754790394, 6.31113641865119, 62.81820567615192, 28.187680425898847
4681, 16.95503614142341, 6.178633909897636, 48.57517306270583, 35.855064184420996
4684, 15.408200594964146, 7.07368115103302, 41.91469843831165, 49.18820941876015
4685, 14.586238510144907, 7.160887157223553, 38.483340324464045, 53.12957021551578
4687, 14.584819598476418, 6.994116423949446, 37.04735376044568, 54.07405964509029
4690, 13.986856093603246, 6.58216352257228, 33.14162237670658, 57.05165282491733
4691, 14.109982006411713, 7.3790709343670695, 34.86136132215869, 58.026552831518764
46977, 18.397163874217853, 6.481088993808655, 61.44696847329701, 29.75433547231318
4698, 12.961497654781578, 7.043689143305845, 29.235871922439088, 62.56920525577242
46980, 17.173881101360962, 6.859711416909929, 53.43670446655867, 37.19200802283422
4699, 11.750841446785106, 6.577018183622874, 22.951194132128627, 69.02870485520673
470, 17.86161839377763, 6.70010262508651, 57.39172476177108, 33.888550975529874
4703, 14.409353612244285, 7.166483171069697, 36.782272907719516, 55.426034862319106
4704, 14.405659075680246, 6.73163713176148, 35.17911508555305, 54.99793145148458
4705, 13.068366942557637, 6.9272818713352375, 29.609768506741286, 62.33731874841008
47077, 12.573805198493188, 6.442495854095232, 24.520525867427992, 66.97672276840191
4708, 14.520953511623034, 6.840021622199003, 35.861975670922696, 54.48860029760976
47083, 13.645848467898022, 6.742051058944408, 31.61806005616764, 59.583783394541655
4709, 14.20067157196594, 6.69126120911152, 34.116363563571575, 56.06589864979832
47093, 15.333234308937731, 6.86959940953606, 41.726243469033555, 48.77114414438719
47097, 15.488226190832656, 6.851216791623272, 42.5534039636499, 47.89425425098274
471, 17.434507124622368, 6.839189511546015, 54.92255764802372, 36.19286457840447
47102, 14.816415761264034, 6.53291265567426, 37.30212231804552, 51.99330528371184
47105, 16.838465677633156, 6.685236209326389, 49.85944052721323, 39.93117962425304
47106, 14.576093754221024, 6.583261439113562, 36.26767330130405, 51.83527796842827
4711, 14.827617373274254, 6.547010825221127, 37.57300882038842, 51.64739541445278
47111, 16.55906534017859, 6.804478477148476, 48.86568429979858, 41.33714972260504
4712, 13.934428704642867, 6.735387252603283, 32.93660649532571, 57.54095591960817
47122, 11.937628601165695, 6.350616230657986, 22.71813715538593, 68.77157010028829
47128, 11.249892638567196, 6.384077724546421, 21.504758601253062, 69.79968348255903
4713, 12.54738800910818, 6.951978279419614, 27.642151101177287, 64.89913100445095
47133, 13.970263630775275, 6.494362830820558, 33.45857117374242, 54.430520870495904
47137, 13.330051742739949, 7.310191420225433, 32.124386686115905, 60.82416125182336
47151, 13.472227803485902, 5.675394544499061, 25.72134260382908, 59.51629713176192
4716, 20.220144168191467, 5.968449867785491, 72.12645809274582, 20.761333658236833
4717, 15.796746093840813, 7.397495765444336, 44.91052904564315, 45.79227178423236
4718, 9.19707183911408, 5.967093910038652, 12.206397964566074, 82.60262496509355
4720, 17.42596561892112, 6.5277511507610075, 54.74171062047761, 35.72185851732089
4721, 17.408343264555107, 6.546938186513751, 54.79472101748131, 35.72359843546285
47229, 18.413138906553293, 6.581785959537936, 63.28508733687912, 28.79501264277618
4723, 18.05714673245669, 6.729327298815062, 59.47289048473968, 32.19102333931777
47232, 15.87686557407168, 7.2353417377414475, 45.655985971624425, 45.93449048677338
47236, 14.948625978480338, 7.821882204462191, 43.84991496598639, 50.544217687074834
47241, 14.955583708734048, 6.57815408483584, 38.78273530526358, 49.78558749027664
47247, 14.820743917461932, 6.612497750197011, 37.96517823036249, 50.67552624700939
47254, 16.510152897677518, 6.99331432124107, 49.33560853833878, 41.39925107835237
47259, 13.376455970464622, 7.551324308566073, 34.583787713558706, 57.98255179934569
4728, 18.082084834753108, 6.764792078478666, 59.242458607393964, 32.54039197897349
47280, 15.140292085425562, 6.592811362555903, 40.19665567593029, 48.877767310409794
47283, 15.573534550200169, 6.824440383473877, 43.03132750474554, 48.59157856816261
4729, 18.30559615172779, 6.621971042402143, 59.850098406621555, 30.782400043137148
47320, 16.386108947358654, 7.071165625677721, 49.53267045454545, 41.32102272727273
47332, 14.878262846476996, 6.8011080210112285, 39.60665117110674, 50.90410632338042
47348, 14.340250294172202, 7.494344598879044, 37.67216441431717, 55.14442381589741
4735, 11.120986050215516, 5.753904261259721, 16.42406060676807, 75.1841432523609
47353, 14.653984623073034, 6.614745723986048, 35.57719647426784, 54.87529956537634
47357, 14.368128484128272, 6.2150032998403155, 30.474279302606593, 56.13887450371138
4736, 12.476212431693027, 6.265844772988472, 23.76330838253754, 67.10330559300758
4737, 14.096605119469015, 5.69279757296411, 28.012318601770513, 58.94632771571759
474, 15.919540458448726, 6.517933130127988, 43.834621498657015, 44.44992599901332
4740, 11.248086124306026, 6.477263113390988, 20.196837294012575, 71.89289529446789
47409, 14.090139324845, 7.029382627554834, 35.71834964980087, 55.2255203939495
4741, 12.480323144682307, 6.456303997877797, 25.0165915679905, 66.28069440078242
47416, 14.313621958478205, 6.946233370221619, 36.93879037250119, 53.69952299457452
47420, 12.774851315782312, 6.689095177939758, 27.91336559082611, 63.352297903262965
4743, 13.368339735056582, 6.82803265391982, 30.467733427114474, 60.51872692104801
47432, 15.267840984690796, 6.612509273365604, 42.16857068861328, 46.37420505884723
47441, 17.241669954368604, 6.602411333533202, 53.88432722346631, 35.97080534129552
4749, 15.349059703864274, 6.799815542443509, 39.812396258218925, 49.8578174659341
47492, 17.576284065470855, 6.733492792238368, 56.590916912346714, 34.631135787457126
475, 16.946772463542075, 7.022972236307681, 53.492744412668145, 38.21761465946404
4750, 15.872245281580268, 6.459342030615006, 43.54280647881841, 43.7352680405683
4752, 13.96282276946881, 7.000650969000087, 33.54476144566086, 57.28221847289703
47530, 13.313997183946602, 5.88817651049572, 25.102508161970633, 59.679091429544016
4754, 15.111086056571834, 6.96814188192581, 39.518780254199996, 50.50218736248091
4755, 15.876124707903774, 6.6720572934551035, 43.834517160982486, 44.427696144878816
47555, 13.98395018145574, 7.078157913894842, 35.68644645815064, 55.468673877034
47556, 13.598817299774637, 7.022259395262582, 33.04286358484357, 57.52032272610938
47557, 13.240565758378393, 7.019119521939113, 31.230581379885635, 59.95381844119105
4757, 13.804066373420138, 6.737340081801995, 31.29378617118489, 59.66341760584831
4758, 17.74009922489548, 6.792703710837232, 56.24804544980715, 34.84050870426352
47586, 13.073677668506662, 6.4386252187628115, 27.62908205171779, 61.78094995326706
4759, 13.412905320811273, 7.448513319512798, 32.55971607449057, 58.654012308755696
47591, 14.08307225246726, 7.325309856533381, 36.97665491014659, 55.05410398522037
47597, 14.05903876710923, 6.880173494618488, 34.24014708554692, 56.560592617930325
47599, 13.934379412839473, 6.881403555085331, 33.6828340185903, 57.00081288361627
476, 14.863804320231027, 6.953207553776988, 39.339832573911195, 49.470170605065164
4760, 16.44668724597621, 6.791906108503809, 48.67656755314139, 41.529299716369955
47605, 14.611118071491166, 6.756645075422673, 35.3932648993652, 55.00985034389797
4762, 13.578227019012923, 7.149826946557371, 32.075136664003146, 59.94825158860013
47628, 14.76599728717448, 7.002760059285865, 39.829743077307405, 49.70022483137647
47633, 14.05110620285732, 6.882032128580336, 35.67902820338734, 54.15986201075289
47636, 15.166024368572565, 6.884813425683026, 40.467280596140704, 47.89951514757086
47638, 16.477736861999905, 6.6605871367953995, 47.191412598903355, 41.06342317240886
47666, 16.031315181754508, 7.045665360582338, 45.92844740482053, 43.80462825807591
47670, 13.533685430246276, 6.601859290750936, 31.036167450690265, 59.23449517720795
47673, 13.454413331626638, 7.742149965178101, 35.031378360368784, 57.784916506708306
47696, 9.308328388619026, 5.636129938708165, 11.613027558296396, 83.30314126035844
477, 14.672094681746639, 6.702254162227945, 36.69533833001831, 53.296363133422034
47701, 16.64621577163397, 7.128973317443356, 49.318292142419956, 41.846942867394105
47707, 17.604426209595065, 6.999026038271876, 57.00137315482321, 34.797459663577065
47709, 14.30275213987677, 6.898561191668933, 32.946960570442485, 57.34705173704946
47715, 18.04850731135461, 5.971829167333934, 56.54240065546907, 32.67349446947972
4774, 13.310027167858225, 6.6130117342352595, 30.263540636453545, 60.561987317470475
47740, 13.852257495334037, 7.235624719169492, 35.2152919688229, 57.162233032533415
47744, 17.508232988749786, 6.90921195337958, 55.66536850613565, 35.37548681019913
47748, 13.745557592311057, 6.519979721774456, 29.733067472824338, 59.79674535280118
47750, 15.224068899422608, 6.992351455401008, 39.806996381182145, 50.97764187729683
47822, 18.51615848740292, 6.494964019977643, 61.81136429189501, 29.146235938852033
47827, 14.336159108452298, 6.787560298203317, 35.967582236238954, 53.71850819612014
47831, 15.452573846108244, 7.302342659739687, 44.67041763871735, 47.120442797676226
47835, 14.315102143894547, 7.352346110549793, 38.76512274382365, 52.92275165420305
47837, 16.55723285468906, 7.060935877683368, 48.79296598157335, 42.25947909284196
47840, 15.182069488782043, 7.193139984723566, 41.729960858068296, 48.81408788046841
47841, 16.855654629215877, 6.638696242333312, 51.48393273393273, 38.00158175158175
47849, 15.611211775710725, 7.102870509057492, 44.340139687179416, 46.875307410165966
47850, 14.930734228509912, 6.804814404904502, 37.488291181587044, 52.50635621570989
47852, 15.678608077951049, 7.001059647025174, 44.14065156770727, 46.50524836201229
47855, 15.076263862499413, 7.067458819542061, 40.44159599828051, 50.952362343194345
47857, 15.334397134648178, 6.89719626621681, 41.5425699026076, 48.827102314378465
47873, 11.957010563862855, 6.612256917151365, 22.793200144906148, 70.5357502247387
47930, 16.954461761921877, 6.6244748940032405, 52.36118259278321, 37.90244181391891
47934, 14.007266995445827, 7.116638095449694, 35.623625192789056, 56.35129326692119
47935, 14.751163556995493, 7.219272828353914, 40.504664863088166, 51.150413390306184
47936, 14.729661951559645, 7.244111306152845, 40.52038972362984, 51.1518582639354
47941, 16.270337529280347, 6.977853374432665, 48.22750690914054, 42.54154014125354
47945, 16.35118827914412, 6.975847959773615, 48.86110635382771, 42.14934064052064
47960, 14.905865478540486, 6.686920857768201, 38.12424387361787, 52.06932448020707
47961, 13.502414839827262, 6.948766311360821, 31.920746785361025, 59.209631552917905
4799, 12.92945439454942, 6.384094028984096, 26.759779497508745, 61.147036997773775
47991, 14.269316052851714, 6.953047816065109, 35.15722674749006, 55.16101534381511
4800, 18.535782253104788, 6.065418956582861, 63.22550065173599, 27.069558004502902
4801, 16.571614213411415, 6.11109986390801, 47.86557565868407, 36.73153524979604
4802, 18.375626430407756, 6.345720378124323, 61.05597888042239, 27.263454730905384
4803, 19.18778743498099, 5.8184903536118995, 68.84481513101727, 22.61936034675248
48059, 16.470098278449044, 7.038863966617027, 48.40201582036234, 41.94522412179978
48075, 11.702538136635802, 7.024374793009915, 25.391220453449108, 68.33960443801254
48079, 16.81686557756625, 7.088772482238705, 51.17345164451845, 39.306151268297306
48091, 14.888982440541424, 6.483372931016892, 37.81164243591989, 50.90208442809598
48093, 14.033512933316578, 7.2388282059121805, 36.5732072645572, 54.167056730949255
48192, 17.971732553540814, 6.00687020843009, 57.49270260989011, 31.05039491758242
48196, 18.77995555164396, 5.776349320772384, 64.86804504958816, 24.489109814374565
48197, 17.820184442508754, 5.968782264302401, 57.53151729586754, 31.307753083027034
4828, 11.767155987958487, 6.780351075240103, 23.649098926652204, 70.08946928126817
48285, 13.095305614455606, 7.238494295929298, 30.7339013651769, 62.1741471603687
48289, 14.722647487998186, 6.530590071214218, 36.948121967291684, 51.916971185526876
4829, 10.911907438427669, 6.46632863036628, 19.262418249209325, 75.00465102966642
48302, 16.97475890289472, 6.88563079583265, 51.69695804557756, 39.342807707664775
48304, 14.665465161652476, 6.342593471041447, 35.74560100752076, 51.61880547007735
48305, 13.652503889084585, 7.059589396958942, 33.30130391751785, 57.83551613802116
48312, 12.706228803682464, 7.078596582826414, 28.587742076776273, 62.25792322372743
48314, 11.942318238886681, 5.968818189429174, 19.995396553991846, 70.7571572624841
48318, 12.585002826042974, 6.985582306812502, 27.860806788677095, 64.84073206256728
4832, 14.741842003418226, 6.753941378386467, 37.65216253108697, 52.09147515847342
48361, 16.334360023302768, 6.944176266311486, 48.36661158999064, 41.819122887344975
48370, 17.493017659574996, 6.523890043410433, 54.77945290891941, 35.12286367487889
48371, 18.211041403574526, 6.498322888578697, 59.6891613583026, 31.099430049331865
4840, 15.647058343829247, 7.517327353551463, 44.73623954205196, 46.46059004843681
48408, 17.37856399273087, 6.748635616320629, 54.5258714954293, 35.97624983597953
4844, 15.95471660230314, 7.323127265949054, 46.064760430630606, 44.272308904213716
4847, 17.418647234548473, 7.002867711726704, 55.94742717953922, 36.10829189079468
4848, 17.732448119403827, 6.991033821324182, 56.98559863200363, 34.71023592593582
4849, 18.623730894619833, 6.090744852209912, 63.36568034786298, 27.65934881747799
4852, 16.484671086767285, 6.962268805420177, 48.56275696564381, 41.94914506537735
4853, 14.800025710501405, 7.361176338172676, 40.00674948173623, 51.807093383900884
4856, 16.362921227506437, 6.977448424167889, 47.890851568679146, 42.95742156604271
4857, 15.539589291493474, 7.201884024080931, 43.795063194503356, 47.59662962648797
4858, 14.883739325121889, 7.545714624814951, 42.3193644082245, 50.15173730691854
4859, 14.614031757341008, 7.534321347145317, 39.60518198642813, 52.664250462677366
48593, 15.674452014475152, 7.1774885966276925, 44.91732056567806, 45.89262756572239
48596, 13.998546867060305, 7.255218389328927, 34.990418356934875, 56.81665463776412
4860, 14.342691956836187, 6.780175269502289, 35.132087424770354, 55.224580297751025
4861, 15.200190221653665, 6.766709222512085, 40.114707294272215, 48.4006670203896
4862, 12.731755097294327, 6.506242943638593, 26.31621610667531, 64.09232764560451
4863, 17.258391268444097, 6.724377748173607, 53.19536094872572, 37.22953682691403
4864, 12.763821193674374, 6.991178677394518, 29.13868773315778, 61.94974764099188
4870, 15.924510402966714, 7.183527537759144, 46.44899708272213, 44.776094803289766
4872, 19.897539909904488, 5.5872766815771735, 71.32955904271296, 19.939135313419136
48728, 15.309414568507536, 7.490868484477854, 43.25001520403819, 49.216079790792435
4873, 19.751378296151426, 5.811047956467803, 69.68589956476902, 21.30184754680044
48771, 12.714604582631724, 6.743118031834513, 28.28653503164607, 63.67804662468236
48781, 13.225649502963696, 6.699463721548711, 30.21184123420545, 59.15436202976139
48784, 12.533736845331196, 6.539167265401091, 26.207144915010083, 63.85623739556324
48788, 14.57063894777442, 6.709784435778642, 35.62548374613003, 53.74419504643962
48789, 15.602415116687254, 7.296161193579277, 44.25476105312219, 47.29728264993117
48792, 14.858193716218757, 7.008829255752454, 38.60021320836368, 52.28460150090244
48793, 16.01314505442838, 7.14573429114394, 46.229327453142226, 45.222869743266656
48797, 13.595793262971885, 6.372627740255163, 32.04353083434099, 56.99350461739308
4880, 15.108477440456355, 7.118837744658565, 42.12639334970716, 48.74677246678002
4881, 13.303892446916368, 6.6647031270913635, 29.997147080945098, 59.83089970692741
48813, 17.72540404902169, 7.212708098345115, 59.229753157764385, 33.045763504774484
48817, 15.25667597960864, 6.375740036327012, 38.436283009750134, 50.32263566332187
4882, 9.455704686870977, 5.769479448492782, 12.78162221474966, 82.81684158363272
48836, 12.723282461292325, 6.914783502454621, 27.903576650144423, 63.97496701494134
48837, 11.241790837654035, 6.690707421866633, 21.487915883962227, 70.01475056417756
48838, 10.779342625660684, 6.696988081386282, 20.24347167907153, 72.50536142298473
4884, 13.056777883210636, 7.173209653868948, 30.721660154733872, 62.4990296788884
48841, 17.60152509200603, 6.907402062347778, 55.615901389659605, 35.27633800488801
48847, 17.99137954743896, 6.680573505738926, 58.27528952287465, 33.23169139837721
4885, 17.703397760510846, 6.173127437218172, 54.979015066880045, 33.84764032730457
48854, 13.43033806839618, 6.9337408664656826, 31.393372364999344, 60.55961530080049
48855, 15.957044104622168, 6.719065746446968, 43.81301922541836, 44.89817550647251
48857, 16.522860476532248, 6.62117954860003, 47.57502766746956, 41.29288457782697
48863, 17.03095711965644, 7.138256918579152, 52.57576716229041, 38.92945270484024
48864, 17.085434853710527, 7.124592484895586, 52.87165795700422, 38.641798787817436
48865, 17.255049333558816, 6.694078152767025, 53.79953549136304, 36.024822180287416
48867, 10.233095836830762, 6.7238921446386986, 18.244882228922492, 76.43444945705153
48868, 16.596011745524912, 6.971537564917419, 50.66928600460642, 39.71819536648151
48879, 14.030481419474338, 6.224090590104221, 30.384689035936933, 57.61718334432647
4888, 13.276886356391604, 6.695032321750906, 30.62140152497536, 59.36770579386897
48880, 13.942753571621997, 6.317082592271547, 30.223082517003892, 58.3907259271934
48894, 12.918613039208878, 6.437040640433317, 26.882045088566827, 64.08905886562891
489, 13.342991226325942, 6.072973661038564, 26.698222213212787, 60.32616407532788
48946, 15.652933611744697, 6.758100161270635, 43.14521362579792, 46.67555545067315
48947, 15.652933611744697, 6.758100161270635, 43.14521362579792, 46.67555545067315
48959, 15.407981602633628, 7.210380322898361, 42.25072686847956, 49.68131805484294
48960, 15.392777126052582, 7.22178272842107, 42.22204485593423, 49.71779756678791
48963, 16.54565454196357, 7.11509248937458, 48.601163704268814, 42.75759197476743
48966, 13.220844419717508, 6.99151462855392, 31.458128078817733, 60.12118226600985
48969, 13.453165500012636, 7.208073711166934, 33.258526940187835, 58.67918932278794
48977, 13.48090492047683, 7.221417886560591, 33.42692463593313, 58.426677475803025
48999, 16.89884975979612, 6.877191932204932, 50.91770395623563, 39.65055894711805
49003, 14.080239393682948, 6.729353364359404, 33.851729988175414, 55.56783712919644
49004, 16.798433548445974, 6.872214433889205, 50.47996240853864, 39.882750441923434
49006, 16.798433548445974, 6.872214433889205, 50.47996240853864, 39.882750441923434
4901, 15.142085135187555, 7.193086266354768, 41.50735840642188, 50.41573757494673
49018, 12.994530805175394, 7.213715978253491, 31.277411861790732, 61.41938047282118
49035, 16.386902359021832, 6.855684027508121, 48.16769309000509, 42.21594440363862
49036, 16.74573213164023, 6.45000553307765, 49.320397183771426, 39.38397843469557
4905, 14.255271897759183, 6.571558073759553, 35.35023137259192, 53.61280371071315
49051, 14.039027645210389, 6.187801146840257, 30.038324870371763, 57.525952485748945
49052, 13.880642749337746, 6.262570609870298, 29.697201667091942, 58.79582376456579
49055, 15.876642948550344, 6.98994791700178, 46.02434794045359, 44.899016053858105
49064, 17.161979079605445, 6.5008057931257195, 52.73616304392489, 36.48436536960184
49116, 15.656253767809211, 6.947736298807251, 44.29148375768218, 46.11530582382207
49120, 15.969874138708741, 7.033698589153371, 46.065755018911844, 44.59354087867326
4914, 10.698474547959501, 6.523521655689446, 18.606199292698147, 75.26211774495528
49147, 14.389042992010697, 7.063105052539045, 37.570006057450136, 52.99418697329409
4916, 14.04951973905767, 6.719211207169687, 33.382593550430144, 56.81532696469098
49163, 12.093183586859212, 6.4032583334545325, 22.552269583148444, 68.20886951528283
49164, 12.62129656040073, 6.443263496686489, 24.79262069867853, 65.6469972523878
4917, 14.226180648642929, 6.686811512218604, 34.1626723847965, 55.90628153380423
4918, 12.871816327580778, 6.564494514643673, 27.349483239459726, 63.496472904248925
49180, 16.738216023308684, 6.978454638105983, 50.257572113863326, 40.206563975343954
49183, 14.058418171937918, 7.141245733084066, 35.5056841609236, 56.20781056723803
49186, 16.68501148583218, 6.779604069637346, 49.29935768598293, 39.99915669932114
4919, 14.512994300877025, 6.726017373973577, 35.838746696707766, 54.104505111548626
4920, 10.481744460453264, 5.763359109403319, 14.429880284672514, 78.20230754134259
4921, 14.49817765918666, 6.7503768441673735, 35.87940332397742, 54.193867146025845
4922, 15.651554118984564, 6.746106421233554, 42.003351995150304, 47.65360339478658
49221, 16.03584544011254, 7.388094734115161, 49.51149100547582, 42.00458201917051
49225, 14.94297443264355, 7.156923368250617, 40.36791896671848, 51.02497454311592
49297, 11.86076690647995, 6.792483745703484, 24.474805111307564, 67.44997187173512
49301, 14.637587091939617, 7.076723469684423, 37.9400260756193, 53.294951398660075
49302, 14.646185337091065, 7.069583914547453, 37.94906218131592, 53.28204267623633
49303, 14.782423196504428, 6.970585065906639, 38.05412221893377, 53.02073012237335
49304, 14.782423196504428, 6.970585065906639, 38.05412221893377, 53.02073012237335
49305, 14.782423196504428, 6.970585065906639, 38.05412221893377, 53.02073012237335
49307, 16.808153753943515, 6.5055523089915, 49.86733308651117, 38.80970011106997
49310, 14.52884979130014, 6.748790199581044, 35.445951601388444, 55.04788163757662
49311, 14.301642438628479, 6.897109574460711, 35.232363511052036, 55.48909565303008
49312, 16.91951519038543, 6.3863124567210265, 52.29341281430657, 37.08467524154348
49314, 16.484636364213337, 6.557462376774856, 49.01268864028831, 40.28830993317817
49318, 17.166754926428034, 6.324455406161387, 51.71784042917476, 36.47414678689647
49320, 16.68759012763844, 6.757688256316603, 50.24372678008378, 40.019498142406704
49322, 18.095472775826547, 6.054125602208349, 59.1934621768363, 30.186794947534253
49324, 16.942114769023565, 6.897363682744923, 52.12212223514402, 38.954689669967365
49326, 18.15672995943324, 6.060531431620253, 59.60741511332435, 29.948667223766563
49328, 16.936231357334766, 6.839157531139548, 51.516426104666614, 39.130434782608695
49330, 18.347315411584244, 6.002260225011367, 60.85736842989367, 28.754766424215955
49333, 19.72659485969438, 5.851572330916442, 70.15059048967944, 21.74085105496657
49338, 19.709071880912454, 5.81751982644431, 69.98251250559193, 21.684493066005125
49343, 19.979969060636996, 5.694233280812067, 71.73027511436987, 20.129096948047877
49359, 17.10043685451154, 6.966567224383927, 52.71299777105026, 38.1749226521175
49366, 14.02929241349232, 6.80331709318493, 33.228374314523265, 57.60481160445781
49368, 14.475926179464864, 7.1920306197468, 37.63951275965556, 53.24336517526137
49369, 14.563255023023611, 7.194149128938757, 38.3866671889076, 52.626219106184635
4937, 15.685154620208303, 6.797416599045691, 43.05837999461422, 46.88414073599465
49371, 14.975090763737164, 7.360545430615012, 42.17010120373242, 50.02959997744764
49375, 14.851451420949568, 6.937993070539677, 37.972403219624375, 51.5293215791491
49376, 13.975847764527648, 7.260010081205629, 35.533177827084636, 57.133375054522006
49377, 16.270478438151148, 6.722472845410213, 46.666962870810565, 42.7437389849084
49378, 12.736839046818055, 6.497624298992285, 25.33857393087538, 64.57469987610544
4938, 14.623441056665692, 6.772334720294619, 35.77565588549141, 54.095374765426655
4939, 15.406782629811133, 6.77461721653166, 40.75110672081367, 48.78809497676801
4940, 15.210738355088528, 7.006860495634989, 39.840082159624416, 50.69230487089202
4941, 14.653298526603388, 6.790815749679942, 36.07965892308121, 53.698250959046625
4942, 13.482054233219868, 7.087417551593747, 32.177086173269295, 59.506532726548244
4943, 14.556672874711042, 6.896584922220795, 36.3860577379133, 54.5390347502556
49430, 12.49459145179939, 6.2664822089176875, 23.58278842956888, 66.60478776460157
49431, 16.226574268715375, 6.819337111536992, 47.02091537990691, 42.61494219686558
49433, 16.157150669334378, 6.752858047856894, 46.81848161905093, 42.63894192383796
49436, 15.796828786258166, 7.072733925649316, 45.18683808907183, 45.971881792535726
4944, 14.167686692412246, 6.6843918291949835, 33.307149886688876, 56.78376987459032
49440, 14.372516233029835, 6.719168080097526, 35.506337216745614, 53.41313532198182
49445, 13.636625925275231, 6.533004793784083, 29.524195591588548, 60.37699518621737
49447, 14.459858728528593, 7.195928048456997, 36.900950500184514, 55.06318382653621
4945, 13.842264839470426, 6.7168789867578855, 31.941693660342434, 58.594169366034244
49452, 14.43455927077479, 7.067249701686598, 36.92463228006185, 53.835784799587685
4946, 14.698646625134668, 6.9833771734622285, 37.58069294929924, 53.60974690022356
4947, 13.92310080591907, 6.746561104229182, 32.8268768415915, 57.83004031164699
49475, 10.76823499569126, 6.393598104083859, 19.007977166276348, 75.0365925058548
49476, 12.321282394516624, 6.2133449991183385, 23.813953488372093, 67.12790697674419
49477, 12.35620066876347, 6.1999852112060205, 23.956227984061904, 67.0352832476757
49479, 16.097289798585837, 7.118676951476013, 46.319390795717915, 44.25402431141312
4948, 13.758264211723002, 6.625403358927063, 31.427980913526778, 58.76009812819568
49480, 14.394764094561074, 7.482389962296979, 37.746747783314994, 55.08704938191703
4949, 12.077473303008874, 6.44910229121013, 23.317390726717154, 68.63159293211106
495, 13.061052129586919, 6.981109659864119, 30.20811868947043, 60.713203476321496
4950, 11.260575738848022, 6.193471826265714, 19.47697063369397, 73.07449768160743
49501, 9.405319355962598, 6.4092449598291745, 15.207926882009785, 80.14146908727452
49502, 15.548302089917584, 6.368707688397755, 42.12487153134635, 47.00239808153477
49503, 15.554407446386925, 6.373264184935713, 42.19484259090763, 46.90694612445006
49515, 18.832967974144225, 6.294465558525727, 65.61325966850828, 25.69797421731123
49516, 16.096800150987143, 6.613418022773795, 45.57201073451943, 43.52947023158732
49517, 16.174302156026005, 6.585003655015988, 45.92797502728219, 43.164226074156794
49518, 16.118764363424177, 6.6197491786927305, 45.73693496682488, 43.40100892124947
49519, 16.16753620396686, 6.5943676348822, 45.92523032410345, 43.16641709601279
49520, 16.106791761831392, 6.633698234929125, 45.73444993911682, 43.413434059789765
4953, 18.63021644105819, 6.13405700193354, 60.168092612772014, 29.17669144540227
49532, 12.433018932915841, 6.862669515092043, 27.53556904288063, 64.69919282067764
49541, 14.546824772952942, 6.856268155859457, 36.709313616927034, 54.471115351198485
49551, 20.09940763689619, 5.306980717251696, 75.71658840843787, 16.595416637465835
49552, 19.722781395592378, 5.400895026120416, 72.77812305779987, 18.078861957047167
49553, 19.649810274312465, 5.499408871962152, 72.34146853881438, 18.722644350292377
49581, 13.917955422844864, 7.059239700540095, 34.43380921479559, 55.88092147955873
496, 11.998364753794332, 7.319350882507826, 28.28497565712636, 65.25202419852236
49602, 15.341445323701553, 6.810041945442148, 41.730172340913754, 48.25545585198247
49608, 15.67673769015763, 6.489507710884885, 41.53758496866263, 47.87263644675297
49612, 13.49293800414886, 6.727734591701358, 32.1670442867932, 58.76016788619396
49615, 15.297576125829412, 6.821502526314262, 41.33093431380219, 48.39239615113823
49616, 15.807692921686797, 6.658246642799441, 44.98233138942485, 44.56392134758384
49622, 15.367023828411611, 6.843616731011356, 40.62073132289587, 48.98996532520752
49632, 14.27004798199933, 6.42209393127156, 34.68439502997366, 53.2950278993549
49633, 14.128144828048963, 6.4087139997887865, 33.977138352384706, 54.17297678567724
49634, 14.287220948471358, 6.427345747182737, 34.92708830301396, 53.158124001742415
49641, 12.13946936566167, 6.6608773865351765, 25.344054556929862, 65.34372669076483
49647, 16.072178633567226, 7.158899472801452, 46.63014071565909, 44.47091252488472
49648, 15.468163355860286, 7.019705571552482, 42.643226904770174, 48.08914984539485
4966, 15.372656700423303, 7.425381325468439, 43.3726493824413, 47.780126849894295
4967, 16.21675193836982, 6.962983189175969, 46.6691310432234, 44.06437303619993
49671, 12.643238295001911, 6.28823658779129, 24.960809781878442, 64.31450709902808
49672, 12.818147354178473, 6.008493899048261, 24.439483184495536, 65.15453796947241
4968, 15.639561660630566, 7.041704989897177, 43.6572598102885, 47.16679130423374
4969, 18.10693527231276, 5.987149868918311, 57.151445197903136, 28.985716346847497
4977, 15.491276591906681, 7.1664644985954675, 43.58625803262481, 47.80559282536544
4979, 14.94606641548714, 6.9270492973054845, 39.69869015154902, 50.97590415306898
49796, 15.17454548188227, 7.231508454466585, 42.24657898233028, 49.0407865019264
49800, 17.26686379102301, 6.480426220727249, 51.198002509163366, 36.79368281223094
49801, 17.545104065671307, 6.5948336704665955, 54.260333127698956, 34.62924120913017
49803, 17.845771597832183, 6.2735431875818675, 57.51297898640296, 31.66131025957973
49818, 13.851880180091623, 7.640261863024303, 37.369964016432824, 55.15584708454667
49819, 18.465279555312012, 6.527681527490285, 61.66195476575121, 29.55187986488471
49843, 14.843523926936491, 6.431477173775059, 36.83782118972193, 51.152763111580434
49866, 18.964460804514484, 6.183697045711981, 67.306640625, 25.177734375
49877, 14.414208132140676, 6.62330668928115, 35.141123856619785, 54.04996419547917
49886, 16.22863178232313, 6.328333165978744, 46.775163587374905, 40.89804657428792
49895, 9.150239680616773, 5.778192291069692, 12.458535989743382, 82.62886912635585
49898, 14.9006286635145, 6.689371364141672, 38.26541084175238, 50.778809094848235
49900, 14.6319739437636, 5.988808706082076, 34.141998014830385, 51.20423892100193
49905, 15.174413591377087, 6.827677376110548, 40.561847657117475, 48.941446443112
49907, 14.964657020702328, 6.87531377428074, 39.70411190130444, 50.359310421863945
49913, 16.38399625238389, 6.912325460363665, 47.95268709818363, 42.63778790337682
49923, 16.00912244967837, 7.110749421854509, 46.154245785385875, 44.178767176663115
49934, 17.721341313349107, 6.2653602143773295, 56.34750234119824, 33.0348781434869
49935, 14.855369074656506, 6.6585383918388485, 36.71342183044899, 52.361953899338886
49936, 13.114773516428992, 6.457997777920787, 26.597101565716923, 63.21820610418696
49937, 13.419958618602664, 6.56632708750243, 28.567641961463963, 61.28249566724436
49939, 14.390263374315902, 6.602633026315775, 33.89187720728063, 54.86226568867155
49946, 13.302179031476838, 6.764326930679915, 30.391442753857774, 60.93530808244307
49951, 15.3427986358801, 6.896703244679941, 42.61713391753863, 47.71060298602215
49970, 12.785545438054891, 7.5573286203218375, 31.47445206362734, 61.616699654052965
49980, 13.039910456114914, 7.426932786357535, 33.137237318028276, 59.52649986548292
49986, 15.6164519364869, 6.9587180724075495, 43.852619458837076, 47.18480138169257
49987, 15.7067120709882, 6.960574334561854, 44.275442477876105, 46.589233038348084
49988, 15.289569070735327, 7.070872166124827, 42.39450893679749, 48.77234199373503
49989, 15.328022193182582, 7.0910296266431505, 42.62382061869939, 48.598583589010126
500, 12.938410065113908, 6.880176363551356, 28.43285621203523, 63.45923450406708
50023, 16.510353301773183, 6.8959650180941034, 48.69047089688292, 42.0012746972594
5032, 14.312740595952448, 7.253813724891815, 37.81896579463912, 54.085014641052865
5033, 14.373914789246394, 6.660221676862641, 35.408413506885495, 54.04829277494812
50405, 16.162134376349098, 6.492746192298783, 46.00324418122147, 42.71002301105285
50409, 16.202791299950647, 6.328050329778969, 47.00133411932612, 41.87273122149484
50415, 14.99211776121303, 6.528462209880088, 38.381808090959545, 50.22724886375568
50416, 13.433543335274123, 6.566340856086848, 29.045799607862854, 59.617414911266394
50417, 13.391800278834571, 6.566991910118321, 28.809231321343287, 59.840715537826604
50427, 18.825100435083392, 6.329058677066213, 63.936227869444785, 27.554799470071057
5045, 13.145061481631867, 6.978282830257335, 30.25763194734386, 61.04084289117567
5046, 14.669839540056996, 6.802858059522971, 37.91137106586335, 51.751029801955525
5047, 15.115746685388263, 6.486006686100235, 39.03221867531879, 49.17578104558062
50473, 14.809716317372075, 6.283990356953123, 38.116539041505554, 49.564052667492234
50486, 13.020740898595974, 7.132337333227016, 31.450857059546372, 60.087892862349776
50487, 12.787767115351887, 7.0591192388662725, 30.149381220079064, 61.73993365249002
50489, 14.644362499129194, 6.497619706938779, 36.24406834074059, 52.1022903979855
50490, 13.140526605427278, 6.557070106426536, 28.982157895767642, 60.268512896844825
50492, 15.676961617242915, 6.866859560015712, 43.95433638586168, 45.5714167322753
50493, 15.667993273197522, 6.858768094173428, 43.93430867750899, 45.555677279925106
50496, 18.213156921880962, 6.21767861602462, 58.444779982743746, 31.232281523480832
50498, 18.119533973870162, 6.2520381957427995, 57.77166230563326, 31.960359710066466
50499, 19.471929849573996, 6.055117609569233, 67.55906396606456, 24.103154760232602
50502, 16.791003266764314, 6.759079041539572, 49.799449996646324, 39.98256086927359
50514, 15.919207797502313, 6.808594814320359, 44.588031032285, 45.108898705522954
50515, 12.746797412519138, 6.521462660016865, 26.589424817058777, 64.76709418522307
50516, 14.26411504072866, 6.940294359661641, 35.35582870116652, 54.79527127534644
50520, 13.371825289959434, 7.199149607603636, 32.42274758004468, 59.42386448250186
50522, 15.75645718133435, 6.944254128411453, 44.08104523520614, 46.761859073849365
50525, 12.75618314298645, 6.80174491851667, 27.845761070516772, 64.22660445461749
50526, 12.745206510598212, 6.80074097040381, 27.831330604339982, 64.38003433249703
50527, 14.001148837083498, 7.371747053336727, 36.3565016395205, 56.01569639305488
50528, 14.351596469068696, 7.303497803391795, 39.08328944053862, 52.837382920741064
50530, 17.59572591041021, 6.507773100900815, 56.83461505310438, 33.79813631879866
50531, 17.082261683371947, 6.610789050967259, 54.08500330323718, 36.62380437176259
50532, 17.552232892127062, 6.900109455873696, 56.31198033203503, 35.482445236319435
50536, 14.102571190336528, 6.955780456652933, 35.63366494030238, 54.049146997548505
50537, 11.918936284720482, 6.215843816773362, 21.62542323497202, 68.18277722518611
50538, 14.608716790232307, 7.152018980551276, 37.96908434735396, 53.64408674267829
50539, 16.178314484022856, 7.326194769397651, 48.155253032796715, 43.75292925109268
50542, 13.583491375888231, 7.036589928805772, 34.17631120166355, 56.70776533848642
50543, 13.423646665111036, 7.53003106453348, 34.97096246734452, 58.170917360497675
50544, 14.003972802389544, 7.041319243351831, 34.93166963755199, 56.00911071499307
50546, 17.42230553253485, 6.609764068407409, 55.99077879121981, 34.8381276936955
50547, 16.481253976247814, 6.6823925526297625, 48.74985641536164, 41.42895432094038
50548, 16.34738885473842, 6.9226328958770855, 48.76746858434963, 42.00615338992475
50549, 15.376138276415736, 6.852851677349769, 42.42051589682064, 48.12237552489502
5059, 15.117221830665729, 6.887963153652996, 40.39467427484546, 49.54298092671844
5060, 14.074313351537485, 7.302973503830773, 36.257010568467514, 55.48843611708361
5061, 16.400228160234168, 6.7791968080236895, 47.03877478753541, 42.961003895184135
50611, 15.408589369004991, 6.8595921496932455, 42.150648164011194, 48.16115584489749
50614, 17.226734439100007, 6.4339446014557895, 54.7081681516662, 34.947861469822456
50615, 15.733240898957563, 6.7097607877121215, 43.83157300342655, 45.45244542549505
50624, 16.018397849639847, 6.852622062879571, 46.289366354118485, 44.42248665012825
50627, 17.521863879421225, 6.962274461918156, 55.5898813521379, 36.149541079023955
50644, 15.399618332888119, 7.200923901720391, 42.56615840941744, 48.720860175186544
50645, 14.811511888087452, 7.136512806004335, 39.29855030513544, 51.400246038063536
50648, 14.66251241407824, 7.112795420521395, 37.098658157887236, 53.52696504373095
50650, 14.629645361529658, 7.110640934334538, 36.88851534231745, 53.76648907376278
50660, 15.9528025658253, 6.4029124636830055, 41.610850255251044, 43.96082863666361
50664, 17.181146357052434, 5.8558338783396096, 49.77591077846969, 35.29516174360643
50665, 18.39246941825853, 5.585932898100106, 59.25193409808016, 28.900622774982292
5069, 16.513471339592567, 5.969869045706683, 47.84516668305635, 38.79191660930278
5070, 14.107861262622388, 6.359360739151214, 32.9303165604776, 55.43696382882657
50708, 18.226960639558207, 6.3652545960672295, 60.19798622704508, 30.66308430717863
50709, 17.185513146732614, 6.694705048734687, 54.534088589508066, 35.78408858950806
5073, 14.87549162526128, 6.71231730108564, 39.48693530147015, 50.6743646211535
50737, 13.984004275007534, 6.945951404148829, 33.571122076807555, 56.83222484445398
50739, 16.530052356772522, 6.86025093671265, 47.35692907431274, 42.5756494509357
5074, 14.949335744175434, 7.115700785376314, 41.864301424882854, 49.53500047814861
50740, 16.476646954580993, 7.185255718026715, 48.41088823993349, 42.214311598064505
50741, 16.537821906300266, 6.857021343611112, 47.421340774982426, 42.50047930468867
50747, 12.302195818904872, 6.792184296341005, 25.430799497499347, 66.66666666666666
50749, 15.18176026764725, 7.15948556901617, 41.42108277168406, 49.26875468041055
50758, 13.990141871359995, 6.929572746754326, 33.558149775004566, 56.83524319912364
50765, 14.33014116848689, 7.07933450785049, 35.85541496292004, 54.82898140098952
50766, 14.260639255773985, 6.84604989688486, 34.3972393627314, 55.20629528498635
50772, 14.279792557463795, 6.851212652536806, 34.50472689641791, 55.09178910603987
50773, 13.980134104365847, 6.985361500450367, 33.72135556750941, 56.7154384077461
50774, 16.38494224291137, 7.139866551903706, 47.918443042291955, 42.54028819918145
5078, 14.07620363490984, 7.193408907915653, 35.73480513017711, 55.995385554977496
50787, 13.642327424769912, 7.140747598375555, 34.27500604497461, 57.49845517315494
5079, 16.828958167676312, 6.847022664015619, 50.60081737817067, 40.09595308960064
50811, 14.308147506900962, 6.983202155978282, 36.172160333922214, 55.10082656731993
50814, 15.609403320117547, 6.653237992411763, 41.41742265182427, 48.79240449497551
50822, 16.215006289669745, 6.397021584723535, 44.83597551404803, 42.17417464552922
50824, 16.268353113153484, 6.314193103368713, 44.99362244897959, 42.20742984693878
50825, 16.400152698890565, 6.486891696420831, 46.71627453073299, 41.042375078147636
50826, 16.345245961697774, 6.526044148168381, 46.55393248147357, 41.16983318593517
50829, 16.832660631070855, 6.676821222586395, 49.70311292249315, 39.55098025437425
50831, 16.049132282599285, 6.574417628002864, 44.55927610123559, 43.238252721510264
50834, 15.14858839893682, 7.388831417066339, 40.962787270298904, 52.09436742965043
50837, 14.126472613063205, 6.840437450563756, 34.37870116944514, 56.34535954217467
5086, 17.73843691543926, 6.662021201520404, 57.124854869311584, 34.03704018350183
50864, 16.950778960956203, 6.828597980928639, 51.612113496707224, 39.03346635003795
50868, 17.112927850979123, 6.878569551468131, 53.680803386173125, 36.91869311422801
50869, 17.566037283646974, 6.75652576818527, 56.83417419012214, 33.71946362187998
5087, 18.606915159503323, 6.516451403421925, 62.42865073377649, 29.217257626008852
50876, 17.113939956932875, 6.934250249347398, 52.48197174750568, 38.32608910402055
50877, 16.808905322050283, 7.391191768371527, 52.94680943675459, 39.29949798322742
50878, 16.924539129596738, 7.026711809428584, 50.80807801751527, 38.428599055170324
50879, 16.14629411799916, 6.927274285637154, 45.24867677602341, 44.84668468186792
50886, 17.07643643890187, 7.1266087336835255, 52.52810338201384, 39.11654496541122
50887, 17.12142000242367, 7.10996393570861, 52.80162511184735, 38.728204880172186
50895, 15.989456485640048, 6.967537809184341, 45.31988020822865, 45.106827728981166
50899, 15.602502366700815, 7.352859612973679, 44.83349028336615, 47.08786348200782
50901, 17.045341135901438, 6.728824889846709, 51.40564556283274, 38.48289861733502
50908, 17.188943746750645, 7.057764788372284, 52.71794402989338, 38.258047559735346
50910, 15.568227757708762, 6.974826040754868, 42.473456496899516, 47.29429587500481
50911, 14.833665583539188, 7.16479879260656, 39.63814285278786, 51.679724415449805
50912, 14.83304429656835, 7.1698726830155675, 39.65795811358717, 51.662957656311924
50913, 14.83304429656835, 7.1698726830155675, 39.65795811358717, 51.662957656311924
50914, 14.83304429656835, 7.1698726830155675, 39.65795811358717, 51.662957656311924
50915, 14.718468964742371, 7.872440125665336, 41.97818106612895, 51.29517605087638
50916, 16.479770477242074, 6.97563001239722, 48.181031735191006, 42.49419478213359
50917, 16.298459156272326, 6.976520081390628, 46.89104521499174, 43.6701273438737
50920, 15.936396074706, 7.264424598498824, 46.123053301162535, 45.04003070848871
50921, 16.641642043350906, 7.31486549699619, 51.084187511283176, 40.62142699536638
50924, 16.331386722261456, 7.09288135593493, 48.70302231497245, 42.07626265399894
50934, 16.499829023308365, 7.015882759613553, 48.741440833252966, 42.00742598129039
5094, 16.851375320181663, 6.253250389002685, 49.93565349754376, 38.563620009686574
50941, 16.54940121069252, 6.755587015948211, 46.83474027360599, 44.42467293976967
50943, 14.253495431822254, 6.391795708549528, 34.25536792236571, 53.90718524744658
50944, 17.342104277562353, 6.947332225427996, 54.24536868870323, 36.58508899382492
50948, 17.467085245436955, 6.459912597915697, 54.08189372281611, 35.183599007753315
5095, 17.583630040922305, 6.824346120903238, 56.954897620365244, 34.79939125622579
50953, 12.815346471593628, 6.901773402179304, 27.86993271070673, 64.82075196735646
5098, 15.193947464372092, 6.643027257825103, 41.09731407747334, 47.451747874207044
50982, 17.134677481886055, 6.7793512994075344, 52.884248804950296, 37.85154989882401
50983, 18.524309737182342, 6.735984185380459, 60.898672534073015, 30.454550194479495
50985, 18.525356692924635, 6.73692678448984, 60.88886567787759, 30.455400041779818
5099, 17.841952304983902, 6.729651109346291, 57.44962738062379, 33.817278498481926
51001, 14.142846442879211, 6.978312862709378, 35.05511637211484, 56.03658788957411
51010, 10.329055015170875, 6.369504599337404, 17.20047035264806, 77.54182529426147
51012, 12.161459911190573, 6.741786879997966, 24.599497322696973, 67.36750081958256
51017, 16.939962444840305, 6.813316893190138, 51.2985511189715, 39.22318209645602
5102, 18.15072280915819, 6.633536806227251, 59.01551431707074, 32.16352389504141
51020, 18.414988024071246, 6.801183309120054, 61.07248555456381, 30.901489171794992
51023, 20.98238048475989, 5.908127630421599, 77.17977444170587, 17.792217491971023
51027, 15.567749128782138, 7.181581781978296, 44.466112150276594, 46.97204865947653
51028, 14.59191941544576, 7.100951458121487, 38.51766419813038, 52.46813160131115
5103, 16.31581289714739, 6.92158868284469, 47.40102138848157, 42.98174647317591
51030, 17.28202960433955, 6.58351907818815, 54.32180743380031, 34.734796339784594
51047, 14.345659109597523, 6.9304389402401165, 36.779170684667314, 53.4391163320768
5105, 15.95359187029115, 6.881919878085982, 46.52183287042321, 44.487564839122875
5106, 15.86961184651284, 6.922049717645556, 46.28734901462174, 44.69802924348379
51076, 15.365532664634651, 7.1754682310320295, 42.969345737379896, 48.56069849016318
5109, 15.332297536524385, 6.841013060324842, 41.44390289081584, 48.85559813376246
5110, 16.030527790563525, 7.010002065015467, 45.83342326203786, 44.91830876481126
51105, 12.226452214250463, 6.2857545497283915, 22.845357750748548, 68.47271055672203
51132, 13.908577006691818, 6.629751730482278, 33.385775604083655, 56.394821895788084
51156, 14.545121951484205, 5.798497668252373, 30.652139080275596, 52.167120653741385
51191, 14.501595550639529, 7.361386708059198, 38.392980708018484, 53.030806277505604
51192, 17.96152041921649, 6.552891470048576, 57.845123364989405, 32.32314952515896
51211, 17.869663155228785, 6.687912122865737, 58.43821034540112, 32.412540888174306
51283, 16.785808449310995, 6.586116483332352, 49.794786602496764, 40.19250971099113
51288, 15.839235482647092, 6.2758215544005145, 44.450958815146215, 44.55378565114643
51292, 18.029804775526713, 6.8618778906124405, 59.60871296138316, 32.582608201103334
51309, 16.19185896632416, 7.466639126064276, 48.75672904383491, 43.04195505425959
51310, 15.918043851851513, 7.0185406228023375, 43.704636880305785, 44.59507823572359
51311, 15.967741402670292, 7.354547979181361, 46.80734635247443, 43.60956257053935
51312, 16.13742740731867, 7.17720131801975, 47.855630579079886, 41.52552071412223
51314, 15.754026930520135, 7.09047423040267, 44.70015333068317, 43.75745357487648
51316, 15.781826532004025, 7.07371183318516, 44.38823630283804, 43.74374803509674
51317, 17.163716725303328, 7.204784300441982, 54.483477428835045, 36.168540477736386
51320, 13.205389288043728, 7.024778640928813, 30.670790378006874, 61.300343642611686
51392, 15.959509892694287, 7.042485542270056, 45.94000616903146, 44.978665432860375
51395, 14.366146386210959, 7.2695645499153185, 37.967335036584224, 53.576158054548614
5145, 16.01910498829272, 6.91774290878037, 46.2188387366514, 44.14926049161193
5147, 17.242448881366908, 6.437739764019965, 53.08525506638714, 36.198462613556956
51487, 17.12254793011908, 6.10881930131113, 51.96853056209917, 37.19074401776355
51488, 15.368199497684548, 6.898383734943584, 43.559903360800725, 46.221795590836535
51489, 14.835410943888228, 7.0128623141834305, 41.31118503968299, 48.690291008595146
5149, 16.61463668298825, 6.763839007459655, 48.99627888758323, 41.33862122992558
51494, 15.369987557680467, 6.67116640861589, 42.43373935144798, 47.06256125273281
51496, 15.318315084085238, 6.704336915803371, 42.317426469796345, 47.33826586109227
51497, 17.477755907216483, 6.112728989307451, 55.675681769500464, 33.62794944928582
5150, 17.215766776471174, 6.79916494580936, 53.723396743351834, 37.62516064342103
51501, 15.674226924951153, 6.649520060641804, 44.34426136428158, 44.906371719603456
51502, 15.674226924951153, 6.649520060641804, 44.34426136428158, 44.906371719603456
51504, 16.90628051876536, 6.137724032071525, 50.228423540002254, 37.073253066276585
5151, 17.37774411829769, 6.806649606266112, 55.20216500093781, 35.85782803247501
51511, 15.389742809051027, 6.871759251876129, 43.51311168092396, 46.145144260811485
51512, 17.54126317865361, 6.079528065058955, 55.94858924290682, 33.47326483067539
51513, 15.367409603173323, 6.894016956620877, 43.4786356094723, 46.167769182701626
5153, 13.748562991819337, 6.894555795145673, 30.871431768703328, 61.30338358867932
5154, 17.381209194666123, 6.6152742304883825, 54.4286785406086, 35.662851726625824
5156, 16.800976586123358, 6.553424732346514, 50.18836043322899, 38.541868646297885
5158, 13.480437545495992, 6.59451993550265, 29.066065817760872, 61.830246403175124
51580, 16.669320223029665, 7.05716209536294, 50.44942198428007, 40.45978821399047
51586, 17.422430608930735, 6.434443282224132, 54.94042629942813, 34.627014524736616
5160, 15.646162358323448, 6.700221438509396, 43.74261691334862, 46.07601973455632
5161, 16.849623718049035, 6.952227310415294, 51.195294980466265, 39.62878862671537
51616, 14.284512190496102, 6.434382481711081, 33.81708931663102, 55.03233526835727
5162, 16.79761799580324, 6.689624616067841, 51.25839277488519, 38.86011809210067
51620, 11.560650279566874, 7.016507803049098, 24.706534965285236, 69.42058549853267
51624, 14.520180184492952, 7.033098974294567, 38.654875933328306, 52.43419564069689
51629, 17.610045957400544, 6.830081410563655, 53.89695783044507, 36.175808761214526
5163, 13.48588995561779, 6.670588433722574, 30.42557092509218, 60.89596023387047
51647, 16.90585749424471, 6.587421091569326, 51.804443788655675, 38.024272381865806
51652, 13.887945344140284, 6.672468365915606, 33.33455931933258, 56.434587517010556
51657, 11.87402772242477, 6.125804122444192, 20.773010076016227, 70.23471050784549
51662, 17.798434434648712, 6.003500703284106, 57.11569747644811, 31.589799856229426
51667, 20.150716888675987, 6.149160800501836, 71.45938069216757, 21.61457194899818
51673, 11.77688494138731, 6.3741603233877635, 21.786723799578706, 70.42651639270476
5168, 12.929501103390097, 5.945897967182855, 23.618249487302833, 66.06324530977035
51680, 10.286916980194711, 6.057741598567812, 15.670552622569774, 78.4752878430242
51693, 19.72467334202658, 6.362006626551984, 71.20667154725149, 22.163160072572175
51695, 19.916470480595102, 6.200701160102768, 73.38055559947507, 20.668173984536818
517, 14.678179084877476, 7.3408769757135, 39.33475123842343, 52.62491923325436
51706, 16.600131304568528, 7.0012074498949115, 49.53043422895709, 41.46026996052464
51708, 13.978030726151232, 6.877876663953651, 33.9331086336531, 57.4812030075188
51712, 13.369715485689056, 7.476448862447753, 32.645474546696, 61.06643400854765
51716, 14.871031379355896, 6.759945148121892, 37.21870760804797, 51.27984076473496
51722, 10.593624280145248, 6.320045832792936, 18.26546353050387, 74.9593873288466
51723, 10.593624280145248, 6.320045832792936, 18.26546353050387, 74.9593873288466
518, 14.768324540653204, 6.880308833247303, 37.83502820206678, 52.12441846103174
5184, 16.77909286925865, 6.525722208879094, 49.27357293868922, 38.981818181818184
519, 15.223869575236108, 7.397117448331931, 42.73105152394015, 49.47805965929912
5196, 11.367043128093034, 6.860873506441517, 22.42282075985423, 71.21853139530013
5197, 12.774687813637001, 6.473445644882, 26.464620299615767, 63.402840737382895
5199, 11.880957963539355, 6.462840009772973, 23.01096369608805, 67.22409453521607
5204, 10.464667259205202, 6.367294358851264, 17.72897930673186, 75.2510259320702
5207, 14.740013983474157, 6.995037175062616, 38.716837420123596, 50.134928330276516
5212, 15.655802217610017, 6.847928992120747, 42.62243893065597, 46.05721422909711
5219, 16.033332454624073, 6.943198342539178, 45.4279381066133, 44.67686745432242
5220, 16.341215940660774, 6.98656635392732, 48.53800069596622, 42.5084879663679
5224, 15.79134065159439, 6.861107642156366, 44.026838432635536, 46.362855609232426
5229, 15.5980579722488, 7.235627586955829, 44.905167408554284, 46.732468872975936
5230, 16.053279189808954, 6.998519879306553, 46.46125205099079, 44.12312255458791
5233, 16.441218455736667, 6.843012102006466, 48.53461036134088, 41.74836743578581
5234, 17.063277029412756, 6.598703476055759, 52.521454558114435, 37.34572736609397
5237, 12.10301934290993, 6.638442018520885, 24.88884916999933, 66.88710650371992
524, 19.05707122001681, 5.971679617225201, 65.86132117437722, 24.238211743772244
5241, 11.763180604779947, 6.840626314396537, 23.56792533688872, 69.613351745155
5249, 13.229770480860527, 6.575480667746601, 27.982613070945376, 60.1679991054956
525, 18.069113050240897, 6.363679092360782, 58.81170707197588, 30.532177699618973
5252, 16.436807171241195, 7.0646868595891315, 48.94467417872131, 42.720327127945765
5254, 15.793690359474269, 7.140428656790002, 44.37990862125601, 46.96897303431182
5257, 16.820739650003226, 6.433314043522177, 50.74197120708749, 38.095238095238095
5258, 16.838533790496644, 6.410358119175066, 50.748867027744005, 38.04852437272024
5259, 15.639831866176662, 7.192750968847559, 44.4089180781196, 46.400795022468024
526, 16.057363389645733, 7.050595778584501, 47.0121017820524, 43.53464460041013
5260, 13.038146060541333, 6.921282910924667, 29.369979226891736, 62.73333430177661
5261, 15.263880313731734, 6.606191411719728, 40.058433914363114, 47.27048378175216
5263, 14.004500083861702, 6.212001692544922, 30.530240882989034, 56.03997315236035
5264, 14.855276873742367, 6.477369174393195, 36.75552781740371, 50.97628388017118
5265, 15.918744286382509, 6.579592157274286, 44.826070045490674, 44.195288586745136
5266, 15.465744032051406, 6.56982570262742, 41.14092054959181, 47.9824371024558
5271, 14.773530212380948, 7.136974613845315, 39.30971745122266, 51.99386294822881
5272, 14.042743178585917, 6.967607878423031, 34.53636264811393, 57.01396114484494
5275, 16.095439398248423, 7.449874350823995, 50.857749524191775, 41.104651915532706
5276, 16.343996411555004, 6.779363138719247, 48.92139439507861, 41.59671907040328
5277, 16.516359233073263, 7.152183805324714, 49.26020823768125, 42.65614123431923
5278, 13.807578317766307, 7.230222796217004, 33.697607881308436, 58.82812730436835
5280, 15.499137871509056, 7.032530016418111, 44.90906875025391, 45.86239116010129
5282, 16.646190096379787, 6.858483014200033, 51.7574704372972, 38.155233039629636
5283, 16.43314534987501, 7.073673319714523, 48.99844732432474, 42.73393903057695
5284, 14.999223265193182, 7.396534426920453, 40.600678951035476, 51.71887276339001
5285, 12.897595565629373, 6.905384502225165, 29.040234225473053, 62.355290247157534
5286, 12.575817095749578, 6.648523947072789, 26.20744595201573, 64.88554793765942
5289, 15.672222155229479, 7.200704435049356, 45.2263625555347, 45.69958075214317
5293, 16.574101430791107, 6.25352841279715, 47.22516145510271, 39.57748020578684
5294, 16.04433936077141, 6.8357244441938185, 47.0259353217901, 42.53220364030443
5295, 19.972551402377032, 5.297535682983088, 72.22222222222221, 18.083720172652495
5296, 12.407783031473649, 6.201491934276085, 23.582590727108354, 66.96155667484611
5297, 13.853589198754523, 6.9991469580907415, 34.41050670445301, 56.40662310740245
5302, 13.658032231951145, 7.564903806571207, 37.16576514366824, 55.18215879592333
5307, 11.043900805176897, 6.481396342462481, 19.87537191938472, 73.74501768371414
5312, 10.832739889937262, 6.180883254246228, 18.38055025878507, 74.45110324162354
5316, 10.955953704202335, 6.3018679288197115, 18.95617054725829, 74.26476567370503
5319, 13.977802183231017, 6.5879399907248235, 32.622478386167145, 57.14157060518732
5320, 13.22749168624606, 6.671953580678168, 28.76006794148266, 62.58104578744543
5321, 13.947941870997285, 6.355683315044477, 31.910024704199714, 57.15251592770771
5322, 13.54457616743055, 6.614960629401174, 30.204331908600697, 60.53310249057693
5323, 13.58425831365833, 6.55774173045266, 29.6000286717798, 60.11217833847036
5324, 13.815982644129171, 7.2545251405456455, 34.96573013132423, 56.69962852508764
5325, 14.292856066693108, 6.996650260449486, 36.87506480041473, 54.64178330741317
5326, 15.007736526235542, 6.928998179141366, 40.61509132997452, 50.47172564047698
5329, 18.137904655121904, 6.680140716568026, 59.519949563181115, 31.49449097841424
5330, 16.94281287896123, 7.078680557034206, 51.269659352950114, 40.40402645641458
5333, 17.31051452706329, 6.575475469152916, 54.88483513867397, 35.34251874776812
5335, 15.145076351332548, 6.947439047721041, 40.23072470160157, 51.2142679934945
5337, 18.067455164839945, 6.60763811878467, 58.853980721171006, 31.488754016422703
5339, 15.510976397715318, 7.189339600692679, 44.04420285856189, 47.21041885105679
539, 17.095123859724136, 7.130436079898261, 53.82116821998708, 37.65248685060441
5403, 15.73006027873538, 6.994554287531547, 43.89815010199057, 46.708166279805866
5405, 15.778046861824647, 7.401712661482397, 45.24971696887586, 46.90212381606379
5406, 15.075541695289001, 6.991297540095475, 39.95790902919212, 50.86490156143923
5414, 10.684872665427116, 6.523955996821221, 18.91039567185726, 75.2939857317056
5418, 14.81149685717808, 7.325002279844348, 39.97937435544861, 51.76349260914404
5422, 12.633240193536377, 6.678707570387263, 27.63095351269132, 62.429888772697026
5443, 13.11055701421199, 7.399754369536548, 32.0293021462537, 60.69142783703894
5446, 13.476680588746774, 6.833881688164591, 31.291054580198256, 59.695541530009464
5452, 12.183746698201663, 6.509376637341068, 24.623684665838276, 66.99435330386775
5453, 12.410516213078116, 6.604929377633326, 25.47969726470496, 66.0380617404139
546, 15.921058370109801, 6.804947334958307, 45.08763253440768, 45.010433880559205
5496, 15.186982008609052, 6.7018604854166846, 40.524752878005124, 49.12419151446122
5497, 10.02439741871114, 5.8120316326284716, 14.257982120051086, 79.93869731800767
5503, 15.26321468868867, 6.678813189874286, 41.46948839791636, 48.01025490292134
5507, 14.25230185485665, 6.671451387439767, 34.36491511154763, 55.46688648800336
5508, 14.154594240512774, 6.556194282806423, 33.01916255827961, 56.522854529636156
5521, 13.160826354196594, 6.608292651636026, 28.58589023596616, 61.52715177516932
5522, 14.660737383158981, 7.130164247709313, 38.24708649631135, 53.219555222923134
553, 18.229990432729874, 7.161002253514052, 61.00348913280512, 32.00007269026678
558, 14.625219857983724, 7.274602360239415, 38.46633416458853, 53.25464747222852
559, 15.313179508982525, 7.059623699199842, 41.42047150104447, 49.6890480453596
5605, 17.72617809358779, 7.242854933571095, 56.37139750593983, 35.5490825133898
5641, 17.485971875308383, 6.5298343641175505, 55.54932133178937, 34.57686201009944
5643, 13.264090938907435, 6.4572030450124975, 27.5966438067507, 61.701339667701106
5645, 13.367446826860807, 6.5436726705026285, 28.977974475092633, 61.653458213256485
5659, 14.023384109144104, 6.946547478858184, 34.92815500929091, 55.422062724293966
5660, 15.419326176413476, 7.304143830722317, 44.471229779381204, 46.75555703336714
5715, 15.00575491209959, 7.230717831805693, 42.480061744275794, 48.72137895549267
5724, 15.146368543410443, 6.51675538688058, 39.612621857362754, 48.676244227809136
5725, 16.65096482154061, 7.009932336430996, 51.52614694614881, 39.39483601706793
5733, 14.263581324755267, 6.6630852176639594, 33.895427403240895, 54.5154248622677
5750, 17.408048185457947, 6.57959642363253, 53.721033526826055, 36.40777442526535
5774, 16.729284051393744, 6.693348097278513, 48.27509409589987, 40.71178815616578
5793, 15.118931693518771, 6.894751051834212, 39.20100304003572, 50.897411675798224
5794, 14.96831587522638, 6.842267486931418, 41.22174444091221, 47.783894122174445
5853, 14.932211904376434, 7.089385910210561, 41.908225198827964, 48.86720385098368
5857, 16.36006082741364, 6.743363154239137, 48.024694594452896, 41.815655638861216
5863, 17.931244941282916, 6.388232053325277, 58.4119122456107, 31.619942640039795
5864, 17.87699793199422, 6.394868914709724, 57.798553686194374, 31.930077186146725
5865, 18.362346227184684, 6.442419303850676, 61.24262246180726, 29.886220782818057
5866, 17.92400733935449, 6.376156156662384, 58.08839860812912, 31.600545748765192
5877, 16.835968218975783, 6.597400953270177, 50.66295940732154, 38.2705091745612
5878, 18.083535371066464, 6.52221618119384, 58.686846768652124, 31.34787168637662
5879, 16.820362998427022, 6.573188239119569, 50.46678847709691, 38.46391593262247
5880, 18.086142748703836, 6.4945233996689575, 58.84892606174468, 31.32666148815868
5890, 15.152040155059087, 6.692719727195904, 39.899499645671824, 49.231215238258855
5899, 14.709455092402328, 6.262142684462651, 34.84359208223432, 52.30482904824119
5907, 15.252316993618761, 6.701298680007517, 40.58059104557445, 48.57952127982884
5918, 16.299179262985795, 7.20939392471767, 48.60225600784698, 42.87546685781115
5919, 18.346100417105525, 6.517157225397808, 60.898168282165635, 30.98441012788855
592, 11.52142646306691, 6.940912213289375, 23.419882483722407, 70.54847546450691
5920, 18.17508692695317, 6.713112202304277, 60.60639572389641, 31.40724357202101
5921, 17.741099613869753, 6.797580899687516, 57.89716436359611, 33.82838588270022
5922, 18.22287682503699, 6.688678241420243, 60.75827985542524, 31.23847458877333
5926, 18.602096887625695, 6.311427790850775, 63.046973699322386, 28.337353087554074
5927, 18.322497979953848, 6.607087400114235, 61.48516746411483, 30.23732057416268
5928, 18.969703876102766, 6.276152878571397, 65.22992895882668, 26.623252616301272
5929, 18.607265354321957, 6.474215853145314, 63.46752199131871, 28.486920447124803
593, 13.623584705174137, 7.246413382295334, 33.863373214974914, 58.6684677730606
5930, 19.006633829892145, 6.27025450997118, 65.47195098602336, 26.46946199502202
5931, 18.318843553825353, 6.5953708572142355, 61.473212576111514, 30.270363420518514
5934, 16.59275774281525, 6.825058901215396, 49.328472572554475, 41.28251744257989
5935, 17.734753561991678, 6.615803714755414, 57.094992486699425, 33.715428664257
594, 13.990596104676426, 7.214542446675376, 35.4996271047573, 56.83238621443052
5942, 14.857427348983324, 7.114114865742852, 39.794618612688225, 51.59219945692421
5946, 14.769980678069254, 7.190227766159805, 39.85459746141469, 51.76290646167292
5950, 15.98547376517821, 6.646688356675986, 45.3879509542679, 44.18638951436073
5951, 15.948609481595613, 6.689196016290568, 45.370470577818004, 44.25674678525398
5954, 16.67712295563062, 6.78254853588317, 49.58043981481482, 40.92013888888889
5958, 16.63782507433871, 6.843903609044379, 49.596322478464096, 41.013829335187545
596, 13.658744682249027, 7.402962493968396, 34.01537192235877, 58.99431152025707
5964, 17.530419558950477, 6.8556739312451, 56.63981468676531, 34.71684414327203
5965, 17.580911837838606, 6.771300796491066, 57.51101245187472, 34.22878151989178
597, 15.578859827399596, 6.89597210219248, 42.54338021182587, 48.46825826956817
5970, 17.003041039578388, 6.860230554526726, 53.25008880024045, 38.03655837591191
5971, 17.78578596530891, 6.701360809269751, 57.967648942985264, 33.45077941490497
5972, 18.045420370410284, 6.525370763463897, 59.284188034188034, 31.947115384615383
5975, 17.620543478345432, 6.81917607993616, 57.283133655308596, 34.38375536996025
5984, 14.378718616404269, 7.444574305041146, 37.291747888239115, 54.76803118908382
5985, 14.646481929901164, 8.148667159171735, 41.294360562653246, 52.77326106594399
5986, 14.801454292944962, 7.914321946122462, 41.49134383976399, 51.94860647465259
5987, 20.260821142969963, 6.044058470611706, 73.16059602649007, 19.97682119205298
5988, 16.043629723854078, 7.188445138901623, 45.74325036912044, 45.285804682556424
5989, 14.444682958983632, 7.708903231029802, 39.41727584274787, 53.342975906597346
5990, 14.845839448135544, 7.866797530259111, 42.14823136005016, 51.22916557813888
5991, 19.598875694094964, 6.538144643990986, 68.02040105173124, 25.09107612380017
5992, 15.018309264918303, 6.728435159969328, 38.43468887548603, 51.154285420970915
5993, 14.178034532703414, 7.027045515944481, 35.87398117540185, 55.307981528678496
5994, 13.938854833406246, 7.136952793558981, 34.966808854337565, 56.53348141043438
5995, 17.12307193649897, 6.871221352569657, 53.03790235540601, 37.15795822487461
5996, 14.016721342716092, 6.921761924999623, 35.97414698943278, 55.26675786593708
5997, 13.939939375222847, 7.13394531838379, 34.494621955077506, 56.062163872192336
5998, 15.691179613296358, 6.36587404122494, 42.048817572153894, 46.635985990062714
5999, 16.780969517499592, 6.1023577880351905, 50.72572217419913, 36.958288714858924
6000, 16.829640223173786, 6.066299736568341, 50.81571958338943, 36.47912663541679
6001, 13.405827565603431, 6.8951833165755145, 31.58942616649254, 58.676496678428514
6002, 16.797224744327632, 6.143018172923363, 50.99854617797842, 36.7587420613666
6003, 16.741261205358953, 6.147881310466191, 50.6835501206265, 37.08785948609285
6004, 16.42760244581009, 6.303239185535467, 49.03873252380194, 39.14300768278786
6005, 17.047797448376212, 6.243447970528627, 52.73718986275249, 35.788563446486776
6006, 18.384048680535802, 5.9110961396182535, 61.58163464161828, 27.887126320302453
6007, 16.8634249323875, 6.14447641674262, 51.45026856825338, 36.39809841328641
6008, 16.63399403957371, 6.24319665637625, 50.177055126021585, 37.74521215982748
6009, 16.961164093117564, 6.085112336470895, 51.98869087978303, 35.665945987437155
6010, 16.757478557429987, 6.156359510602108, 50.82622465137662, 36.99494304541043
6011, 16.450404815898015, 6.302684420620686, 49.1506890167377, 38.983809038607305
6021, 13.853455746897362, 6.898633551951034, 33.70263152166815, 56.77252247349978
6022, 16.172592933973025, 6.703091460068492, 46.09457436627322, 43.90812495398886
6023, 14.488601961960414, 6.50970009113497, 35.82467359445777, 51.8851585398348
6024, 16.424266229269904, 6.19751682389225, 47.293411676459556, 39.94249281160145
603, 11.783454430231858, 6.431647527657924, 23.27175990108284, 68.21162276593353
6030, 17.896561268368377, 6.571097135989241, 58.56379770827949, 32.64983774159272
6032, 17.893256930062858, 6.651429139623305, 57.5868644309709, 33.28651845762111
6033, 16.700697813999522, 6.764819392293316, 48.91436713527126, 40.70895429655464
6034, 16.97775408969234, 6.733746368082117, 51.287836859806724, 38.723090240821946
6035, 15.63604279230591, 6.909633584910551, 43.800110516822535, 46.23669367030538
6036, 14.909140991844504, 7.161920012325878, 40.37148247548694, 50.99779448887944
6037, 17.85133123489078, 6.658140918110899, 57.45021458252913, 33.41583596357774
6038, 18.34208298486913, 6.300519160484415, 61.533976227853785, 29.43111310458249
6054, 14.477656334118803, 6.930084760419635, 36.96200426793781, 54.04899814316991
6055, 15.592312573641927, 6.913855848551581, 42.82358758808258, 47.74384967239461
6058, 16.13249159946792, 6.599300601046355, 46.33029432579826, 42.70221889180301
6059, 15.802940171104616, 6.73673029565503, 44.0243290694758, 45.522949586155
6061, 14.798241569326315, 7.043716623391216, 37.74763209936509, 53.6654754883253
6064, 13.411770671039363, 7.153582801841056, 32.17907494434826, 60.5552807321296
6069, 13.78212257847885, 7.691400998065608, 37.173129555862666, 57.06853101373872
607, 11.704262822462649, 6.643970321386533, 23.58386709367494, 68.4747798238591
6070, 17.20077028747847, 6.8419049822849205, 52.95239641248326, 37.97126739986202
6078, 14.88260846632372, 6.449001916915179, 36.19573844557055, 51.67287380181941
6079, 14.602158097471436, 6.681819707470589, 35.79716119912833, 52.84174568584722
6084, 14.108246492718433, 7.048850985679653, 34.63939306635936, 56.15288581580716
6085, 14.153418253587287, 7.030553616202909, 34.79161825083275, 55.906731737547446
6086, 14.167297339000879, 7.027343618089635, 34.82289871721233, 55.91422554087689
6087, 15.045113688146042, 7.1990828088235554, 40.148403166281966, 50.8169998565523
6089, 12.654876735469452, 6.472732024967298, 26.509451672996665, 64.51254205958381
6093, 12.48419762231156, 7.026214699103949, 27.3731728288908, 64.51418744625967
6094, 12.332943975818866, 6.918564164885557, 26.637109733700644, 65.58482552800736
613, 17.097997696676916, 6.9032998939398915, 53.33069921269061, 37.80841162525243
6134, 11.91311343157374, 6.745790480833212, 24.27556323588203, 67.85396489689592
6138, 12.540508312454508, 6.60297345366995, 26.117900514227827, 64.9876251907516
614, 14.35685148955926, 6.817238038045577, 36.240777474919014, 53.83100480927033
6151, 14.936728630339385, 6.6636080054080615, 39.51142400834392, 50.08800234672924
6156, 15.580837983219196, 6.711911686742284, 43.30678938002193, 46.17569340835146
6159, 16.347273614923896, 6.990541760046441, 48.130467893827664, 42.34634173523785
616, 15.291024892486652, 6.594986385172936, 40.84405767174306, 48.36277148862421
6160, 15.71653735474303, 7.212801531787712, 45.06950695069507, 46.581324799146586
617, 12.010494111714866, 6.831973727999506, 24.377529072946665, 68.26583062957967
618, 12.223780449133217, 6.560113436602868, 23.849923808739344, 67.6248918907788
619, 14.667400468904878, 7.104918172279368, 38.87509460518104, 52.304383041440396
621, 16.881372790063615, 6.494583440676217, 49.221450968831235, 39.07887331493045
6212, 16.61115478340985, 6.4847511686003845, 48.592337494619024, 40.404649160568226
6217, 16.124060114260576, 6.623484576389956, 45.036041939711666, 44.35001638269987
6218, 15.754699139407158, 6.748594554874614, 42.922599293437536, 46.708061235413766
6219, 15.823005387568777, 6.786601305293751, 43.18587496505301, 46.878427493064365
622, 15.37065445841708, 7.189652586437123, 42.00339967609385, 49.68211690067324
6220, 16.962981016314956, 7.27082547883752, 51.4706543737351, 40.65437373510232
6222, 16.634285564693183, 6.627358093287446, 49.09589619158139, 40.746914231459016
6223, 16.422735629581474, 6.685864482167871, 47.43366588834642, 42.528125663341115
6224, 16.61273240424354, 6.634825667632012, 48.996094162356165, 40.990182624300644
6225, 15.709352617948895, 7.420455400326135, 43.673405492441184, 48.62018069594776
6227, 16.094452121300375, 6.739791820284263, 44.61335786876333, 45.79900464221488
6228, 16.072712006072557, 6.709498655577805, 44.45114721361263, 45.840700601169054
6229, 14.405226114894514, 6.978049310536767, 34.99812350241058, 56.341118392563295
6231, 16.166326469783233, 6.75179815660147, 46.34196934182414, 43.76361260345579
6232, 15.963064670892487, 6.718487906325853, 44.75533276003104, 44.923128552551546
6233, 16.636461495243434, 6.693926577951226, 49.25301904801427, 40.691787359422335
6234, 15.774199878193928, 7.382847588218423, 44.33793344396891, 47.6067778845314
6235, 13.525649796653319, 6.641454581654045, 31.238854505402287, 59.767574290809364
6238, 12.189941976404894, 6.624449793046601, 24.863281680112166, 67.20962496972011
6239, 14.961633407124086, 6.234433106500483, 36.86947703896856, 50.6982471389251
624, 16.323199074939588, 6.588071730197865, 47.3458107590434, 41.70087013626662
6241, 10.550154565998676, 6.338212174009726, 18.558769312772526, 75.53061541764448
6244, 12.751252170404117, 6.4049696881744, 25.902222092189763, 64.87660732310303
6245, 10.051408031660946, 6.104152058558836, 16.389284675235544, 79.25640241400662
6246, 13.239861132377932, 6.327767983208714, 27.961083334168315, 61.67049086700801
6248, 11.638439251963717, 7.158757430246203, 24.889197276551457, 68.9145236133397
6250, 16.015214177273172, 6.458608911594238, 44.51909041346441, 42.95562863825821
6255, 10.757372524479884, 7.432802090193099, 23.80280365039044, 70.73572302192116
6256, 11.530033251322164, 7.091023664565202, 23.529103806922787, 69.77409756821137
6257, 10.164783061190173, 6.9213221663848215, 19.18001595777328, 76.49121884069407
626, 17.286512747679968, 6.701302652848344, 51.67618951307074, 37.66327889299018
6262, 14.704774358145468, 7.104696188305124, 37.92348686714884, 53.30224590787971
6265, 17.774736072396152, 6.869966382282632, 58.3817347051665, 33.286314857838256
6268, 12.876092641526663, 6.678039671933801, 27.237623635360674, 64.33913612397532
6269, 14.706583987695055, 6.637382883589907, 37.60622340850244, 50.95871972989312
627, 15.242399730189447, 6.868358895596338, 40.97898581410121, 48.59067330086809
6273, 16.674729081003576, 6.737157375760426, 49.5345405767941, 40.50570087189806
6274, 12.494687961345246, 6.67126865194759, 26.904900727283888, 65.49851167643538
6275, 15.965302349249486, 7.020964334665444, 46.259976403636614, 44.48192102158373
6280, 18.860177419277495, 6.435503057890404, 63.768522954421556, 27.799712553483225
6281, 16.16211097308534, 7.278593693572914, 47.86319351716439, 43.95978607207704
6282, 15.290574877588606, 7.265386696330781, 42.68971081574589, 48.32476962928362
629, 13.25821031020338, 6.6849111407678565, 29.130584719135566, 61.86872557284083
6290, 15.25810890684068, 6.036563471095844, 39.264884568651276, 46.29890643985419
6296, 14.631957854648153, 7.346627645914749, 38.83075096838686, 53.105085592902654
6297, 11.228917149204804, 6.8023909118909724, 22.416429553065058, 71.03826723186806
6298, 16.503600900595487, 6.82648271631833, 49.11405213351884, 41.29172463751451
6299, 10.889271487223883, 6.791066202260434, 21.074012457925484, 72.41846249081131
630, 13.796699150484214, 6.60556852656724, 31.932906084342115, 57.797294089722286
6300, 15.817831297275294, 6.75358990974797, 44.783345718001115, 44.732258963403304
6305, 11.966770238900367, 6.703329121494204, 24.414040059744934, 68.11592815288576
6307, 11.197967121986208, 6.843056906259961, 22.563840266727286, 71.0265590664545
6308, 11.856660846243026, 6.108305217558502, 20.151089085020093, 70.2740577813663
632, 12.82391507506151, 6.99470946346353, 28.416406399388105, 63.17642934540124
6320, 14.841144968744635, 6.867999781852518, 38.70349852584928, 51.3793168203414
6323, 15.100259438006043, 7.412710872793261, 42.24015356178018, 49.97511730413764
6326, 14.725770626140449, 6.545896234379717, 36.05321415145566, 52.811077231527506
633, 16.71239302243738, 6.614829737682341, 48.498898027199914, 40.38864699242058
6331, 13.53167932603693, 6.002791939039465, 25.295734820516845, 63.115230539627674
6332, 16.206769023132775, 6.4885120169855695, 44.03527700895998, 44.44027458522932
6333, 13.766502626635285, 6.018731226967373, 27.2525353397958, 58.239639112243665
6334, 17.150306918885878, 6.220618537145056, 52.790820209589604, 34.562379251800245
6335, 14.43420851577703, 6.62957760800672, 35.12978494119852, 53.927517218760244
6336, 16.654755202824337, 6.029196415780673, 45.36639982085876, 39.568941387224996
6337, 17.211534093559617, 6.740624349288396, 53.76812038370774, 37.406907965306935
6339, 16.420002785060422, 6.986452796443006, 48.62355480646974, 42.77625003696147
6341, 13.61300119874584, 6.962919208356752, 33.72126377904356, 56.967381059705765
6342, 13.881179073391113, 7.311472666876429, 36.04843823511363, 55.782723423405
6344, 13.419605474069474, 6.973527796517001, 31.123242519441725, 60.57784415718185
6345, 13.59600038984226, 6.790392583706117, 32.36784449227384, 58.63486762732967
6346, 14.930214572008376, 7.118709624983868, 39.65438754652647, 51.42770433711495
6347, 16.27941056313764, 6.8409874584393275, 46.36376952230991, 43.93686947287475
6348, 16.453494263085833, 6.386316288001369, 50.21383186705768, 39.466234929944605
635, 15.692326789740145, 7.417479893000949, 45.47381895275811, 46.8458738349534
6353, 17.04591615812286, 6.782658083469536, 53.39346723569258, 37.2294269940536
6354, 17.683013336690866, 6.776588097403376, 57.01659628793087, 34.554790196546065
6356, 20.66532242446772, 5.418608836922932, 75.51730644248306, 16.53284135935764
6362, 12.042272748597995, 7.438934096562323, 27.568583063979744, 67.25165987934515
6366, 16.91457669903096, 7.348550115081163, 53.48561222931134, 38.83934341476024
6367, 18.10638379791637, 6.594631393627391, 59.09551252682598, 31.959682669817465
6368, 13.86161525805326, 7.183368319660889, 34.620886981402, 56.76231688717057
6369, 15.863308399986641, 7.2233642302871965, 45.81320361051915, 44.284646367724015
637, 14.62391335647141, 6.711307409407484, 36.54988565474499, 53.47839618939363
6370, 15.040986219353083, 7.224585684121185, 41.46739886000278, 49.44969646415496
6386, 15.56448448399719, 6.754884178484119, 43.58058476163042, 44.76739161745643
6387, 15.473520013787173, 6.696073297252999, 41.7749667879628, 44.82469820366199
6388, 16.49186862179025, 6.424848465800672, 47.21525698155923, 40.265936868650684
639, 16.30690337758962, 6.797976252589106, 47.537461732638704, 41.13137117997744
6395, 15.467377814543832, 6.698923694855841, 41.73896751506068, 44.94854869858473
6396, 15.496123583470217, 6.737349708336835, 42.11616466729956, 44.89657950001438
6398, 11.904321203171117, 5.5966617831079395, 16.489538599459216, 72.58202113969259
6399, 12.017664548661577, 5.7937468375723515, 18.893352338991836, 71.69164758901704
6400, 11.719849088459787, 5.6897243118414, 17.327210169442726, 73.50963822466638
6408, 15.47276815164027, 7.03254977811803, 46.022519825332616, 44.82934879441532
6409, 15.328786156243297, 7.063126456172974, 45.2691538394643, 45.75615270893121
6422, 14.536670453543815, 6.920359484193398, 35.864990143321435, 54.84176034951249
6423, 13.309476000232662, 6.828263875226177, 30.057646156510554, 60.37754521388457
6424, 13.549997537150348, 7.132092650597876, 33.20108890624011, 58.40209340114377
6445, 18.007604826006254, 6.497069902049617, 59.270492943057775, 31.73016755892373
6452, 16.939613873664587, 7.077582208503396, 53.65239294710328, 37.76095586004985
649, 12.141716323449431, 6.967848642143359, 25.50052573979099, 67.6015536147293
650, 8.91024296235956, 5.729637612996681, 11.847233803253893, 83.7237487637922
652, 9.134009834005468, 5.679933232294184, 12.0287928350272, 83.31554918047125
6562, 9.15755586574053, 6.812476688583824, 17.77825357741855, 78.52121471648289
6576, 12.87549363251116, 6.28993160818377, 26.221796686370823, 63.64998751144783
6577, 12.159939063618184, 6.341062781672596, 23.541971948921915, 67.72032656478962
6598, 11.72875693436219, 6.913965955576626, 23.879854601109624, 69.29213698105988
6599, 12.434267364200636, 6.741293906379152, 26.1051224199883, 64.82827776385058
6613, 15.646588241448677, 7.320298025059912, 45.82317181556401, 45.07874435635821
6614, 15.609927971370109, 7.156439928156711, 44.807871481408284, 45.90897540867896
6624, 15.42535172261934, 7.2051089962658565, 43.78967421824463, 47.69791792546045
6625, 16.390821408552323, 7.564188983595792, 50.111400972995845, 42.51780300359586
6638, 13.213048280638143, 6.562301486266873, 29.36905203312322, 61.47262390310221
6644, 14.53183519264739, 6.709547104918982, 36.75430844012373, 51.46437865174056
6647, 13.612813310207539, 7.265383691481838, 34.795325230727634, 56.344241947574744
6648, 13.667577448044828, 6.749334380410643, 33.064190553088416, 57.44684430090163
6649, 12.718975896503956, 6.910217994645959, 28.91068052930057, 63.10255198487713
6650, 14.087608753274441, 6.992156321931016, 35.96332488840632, 54.381883046378164
6653, 15.048713015398992, 6.991923620651657, 40.507037582139674, 51.027134595054
6668, 10.15076734737857, 6.463236069410706, 17.154832718419797, 77.67236402881309
6669, 9.735511296135675, 6.26194280098262, 15.44565856833515, 79.60522198440414
6673, 13.42806289710134, 6.412048852883445, 29.571148028236294, 60.349769120535
6676, 17.424443300109726, 6.797904496176968, 54.32508810051904, 36.57888514844797
6677, 17.14553022451097, 7.0265622487544475, 52.91983550222523, 38.55670103092784
6680, 12.388704884317212, 6.595706172681386, 25.155772843661367, 66.03317834630533
6681, 15.667020892269825, 6.824798072284386, 43.564648074013576, 45.202774170225865
6682, 13.268977364195788, 6.797980537919163, 29.748462163608615, 60.46885014106469
6683, 13.892818359814994, 6.645390931170789, 32.323039473056184, 58.469762779819575
6690, 12.124394719268347, 7.137928399003712, 26.49568932714365, 66.95730640023483
6691, 16.157322549969873, 7.117098149054518, 46.96065215995892, 43.94163082782378
6692, 17.299359526613866, 7.03589499026327, 54.59064101573566, 36.65816786422519
6706, 8.692737683377514, 5.337046192010499, 10.01582673885881, 86.14244064972928
6708, 12.932408852608612, 7.4140240893354115, 31.457464290228792, 62.28289723170269
6709, 12.415264704887706, 7.004247757837858, 26.753189292825013, 66.09640390335029
6710, 13.856670249312627, 7.323775648815105, 35.44171976891225, 57.1297513079269
6711, 12.152782200009904, 7.035209740803692, 25.89605956415267, 67.77401241744379
6718, 16.173492408995358, 7.209133246217296, 45.952786048490005, 44.9808592088473
6721, 16.166122503737462, 7.1690534743607905, 45.765518933507806, 45.053978899157606
6724, 15.457826320817622, 7.4001299248196775, 42.78382994246298, 49.22731267306703
674, 12.775587079262257, 7.086217345558616, 28.62615177554612, 62.67164867434046
6740, 16.943106166118646, 6.6968765717401375, 51.72444287230279, 38.36727474859771
6741, 16.355458615133966, 6.6409401172498725, 47.57405549111856, 41.66655806497856
6742, 16.26582519627651, 6.633507593300268, 46.8844391209249, 42.27684616185814
6744, 17.239513976770287, 6.622176038797178, 54.000901996692676, 36.29990023369915
6745, 16.597397576555515, 6.548555294911525, 48.792296519446985, 40.250954865780834
6746, 16.56274766481606, 6.531476447473945, 48.75178991165266, 40.2885472671764
6749, 12.798849197670828, 6.660983267489474, 27.95992330221876, 63.22615310057101
675, 11.822408958240796, 6.454798169871548, 22.447966428745385, 67.80381798085389
6755, 13.381154594581005, 7.590980301226921, 34.67712319192541, 57.59065546775971
6759, 12.05262313146843, 6.03830062034865, 20.773476233111946, 70.94786919859416
676, 11.801910935337823, 6.053164279344946, 19.424487317232682, 69.79212407156538
677, 11.020255557398105, 6.249200033499795, 18.76653718403423, 73.75443337274109
6775, 12.09943365929346, 6.736114861137416, 25.075623239803903, 67.4489760439484
6784, 17.19743280987375, 6.643919804904569, 52.65087053279225, 37.400183270061525
6787, 17.850812207399844, 6.549332026464588, 57.38538254232092, 33.36453273516549
6789, 16.43713089595211, 6.97768514980661, 48.811103738111036, 42.0482194204822
679, 15.347139098832512, 7.241615910888476, 43.77899348251608, 47.79488209018362
6793, 16.366582208078178, 6.589280522562014, 49.256276876971995, 40.85908852802515
6796, 16.51409931795026, 6.643421417350816, 48.43420235878336, 41.03817504655494
68, 12.689927263721195, 6.748918159275385, 27.00053615709403, 64.7091347764895
680, 13.816960067018439, 7.383024838933519, 35.73165701932786, 56.855773470055325
6801, 16.45753634979817, 6.373096224154483, 47.42510714840888, 40.7208367569008
681, 15.801688608367629, 6.771200812900318, 43.82593584823692, 45.69835638259359
6810, 16.476745453150883, 7.076887052176744, 48.12149726700339, 43.33529371064831
6814, 14.657320814049704, 7.269328797742573, 39.66308404543879, 51.94460873289417
6815, 15.583102780192856, 7.354056975828932, 44.8007355148604, 46.81964875412789
682, 12.06322918162526, 6.711861624843827, 24.325372435390875, 68.61225744139081
6825, 14.441986857221606, 7.205583850990691, 37.17171147282011, 54.67855228638325
6826, 14.6632438591236, 7.290845964610275, 38.59322559720225, 53.41681473333897
6828, 14.86623067775436, 7.394717826346271, 40.24729520865533, 51.96852606435296
6830, 17.45987030050411, 6.449880855189204, 55.12506178942165, 34.982698961937714
6836, 16.71448183670897, 6.760051205658679, 49.05526590198123, 40.73965936739659
6837, 15.620356843708606, 7.051795292333257, 43.442018092869446, 46.66839760583782
684, 15.819321624343262, 6.999367189665489, 44.04039642762935, 46.12898971247692
6846, 14.432966581374068, 6.970066450230131, 37.11224457062201, 53.73239662528471
6847, 16.821774329828138, 6.813769528744899, 51.084566309216775, 39.38373829238496
6848, 16.317358747614954, 6.695225484136143, 47.15872746498179, 42.71634270198295
686, 12.12938479228685, 6.649833105867491, 24.571016855956465, 67.05599059555185
688, 16.256417702102056, 6.579188223992871, 47.75133945483737, 41.8766799559829
69, 14.459761629884376, 6.698345314651795, 35.414400696106156, 53.49475410384699
6902, 16.678609788791334, 7.374213761165491, 52.18877960234708, 40.81430199670733
6903, 9.485257181232226, 6.105382555364381, 13.737625849537077, 81.44594161593335
6904, 14.762531385236514, 6.905332691272648, 37.96541543652467, 51.95444959932518
6906, 14.701998623060998, 6.510773274947875, 35.525501823844365, 53.37357878794343
6907, 15.224081867888053, 6.56041452087803, 39.02782219379597, 49.50005329922183
693, 17.784426224659423, 6.067892603140029, 58.27981202271392, 30.535539455649108
694, 16.181916040508128, 7.238623236664143, 49.09367907222585, 42.969664935899424
695, 18.716019655675943, 6.775910359973902, 63.95897564965708, 28.712011577424022
696, 17.780824087877903, 6.688388472936717, 56.86842932485767, 33.73033891003924
6965, 15.088536923933393, 6.45225739850953, 39.400269387941464, 46.93285848001278
6969, 15.358296976069955, 7.275165259853374, 42.68929953715933, 48.064223449828305
697, 17.077479989854748, 6.720004720526062, 51.25072716695753, 38.24067148674479
7016, 12.04417752648918, 6.754983621859201, 24.720588235294116, 66.73214285714286
7018, 13.432280581497096, 6.483113713184884, 29.448428186741705, 60.512541224168714
7019, 13.738294260842096, 7.029247738115856, 33.28883430341219, 58.449030811128324
7020, 13.471821947882601, 7.082460864615416, 32.27815468113975, 60.14518317503392
7021, 14.973804121060105, 7.390435988744216, 41.202408610307714, 51.30940527555198
7023, 12.835871724693943, 6.833375782499929, 28.32592319565067, 62.57573314289664
7024, 13.96581606346701, 6.607834206041019, 33.671744896071054, 56.23511996545981
7025, 14.237467863576454, 6.838284696784276, 36.506545967781186, 54.503090475495206
7026, 12.612457585081001, 6.752859255867252, 27.34888351585834, 64.30664201393827
705, 17.357941767846228, 6.921091129325337, 54.726197290593404, 36.40272212682058
706, 17.57850215914889, 6.793070695953257, 55.61147047147561, 35.24157578871167
707, 16.83246497391087, 6.819639643355279, 49.72824587540694, 39.7699056447608
7075, 12.466308054036189, 7.367412901363042, 29.684667673716014, 63.7405589123867
7077, 12.45488987418127, 7.081325175982943, 27.39331619537275, 65.2853470437018
7078, 9.350955552658013, 5.778490747146713, 12.823309286293187, 82.49001931100727
7092, 11.929129590214362, 7.098728777532316, 24.86892534110072, 66.82661352138587
7093, 12.409262130625224, 5.8169049729900175, 19.65322276667923, 70.55408970976254
7102, 13.653747610272998, 6.835369270165668, 32.7118486063205, 58.19361024917098
711, 17.529155731800437, 6.826385417058011, 55.97538824068467, 35.34176635192852
712, 17.60828781305735, 6.629692163059, 55.76207048525098, 34.475159951976416
714, 16.26901551930565, 6.695015196832668, 46.042404352707486, 44.131617583556434
7173, 13.933886023432706, 6.762754207997548, 34.42430984513598, 55.26215638631108
7174, 14.954273062831083, 6.986324077453809, 40.17617647689964, 50.29398510761571
718, 17.099554620617248, 6.904616952634382, 53.54883940682487, 37.60078033316569
7185, 14.254332211806027, 6.802690391114932, 35.41974571543227, 54.10741027121729
7186, 14.084436176925571, 6.738180060142338, 33.85419153955625, 56.30426269591877
7188, 13.439869273764453, 7.279235319756075, 31.929493305087675, 60.745823595104596
7189, 13.926577570752176, 7.772861686222641, 37.40461025772485, 55.17717350580719
7190, 12.970643166091783, 7.581014795040857, 31.7990463079348, 61.15001695895932
7191, 12.971123141935692, 7.586807685825841, 31.84928051020202, 61.185896789037116
7192, 13.082417609843592, 7.678471514785282, 33.00128136237755, 60.040094242136156
721, 14.063130280006316, 6.9097461423439634, 34.945666347909246, 56.319221072763625
7222, 11.037871342599265, 6.55352088360194, 20.24207618493748, 73.032676650189
7239, 10.921948679476094, 6.461551545058686, 20.04422306494371, 73.57196352785934
724, 15.154304127792214, 6.957005079851844, 41.02189436968254, 48.921778888077114
7243, 11.787784320858115, 6.491401207720155, 21.973648213355926, 70.25319248453398
7260, 11.721408686282158, 6.549961791821199, 22.348411596139307, 70.042720767919
7284, 15.829973262935539, 7.092273887689148, 45.74239102009616, 44.770775079962185
7291, 13.793108231927462, 7.835508177497575, 38.006615598885794, 55.04352367688023
7293, 15.024090023421971, 7.534598399064042, 42.039615448367314, 50.78526437924747
7294, 13.5607628289552, 7.062467819772229, 33.413390034042465, 57.78184181824191
7299, 13.682410101744304, 6.786437941962112, 33.87147868733207, 56.45363776090859
73, 14.721468565678663, 6.785458765926177, 38.11317755523764, 52.26037195994277
730, 13.468593262651128, 6.683661588747963, 30.47776606673515, 59.76812135604979
7304, 13.711498812565397, 6.787441047729405, 33.87674794462793, 56.14737779027007
7310, 14.399534694449613, 7.380864158298774, 38.44064053009387, 53.458862506902264
732, 16.610817472161806, 6.155138572560148, 46.99184575663577, 39.485855452569794
7329, 19.305652549265087, 6.129746285289331, 65.72943698521945, 25.052465305201398
7332, 12.898486028196592, 7.186935865140771, 31.057558091797354, 61.74665407668938
7334, 16.85694199327419, 6.888342848784531, 51.555140282613145, 39.65159737866066
7336, 15.064969233740248, 6.833184977170082, 40.20998191504161, 49.10925442508654
7338, 16.06976415586863, 6.901266219783222, 46.48677831891752, 43.970665976807226
7343, 15.520785305358629, 6.996306850146257, 43.77155920233503, 46.627069173147184
7344, 13.489398465395558, 6.495041811178429, 30.032225274131108, 58.98955382053334
7348, 15.022581762977074, 6.689076450191323, 39.78550990542341, 48.487429832033726
7350, 14.388519175548252, 6.24752066589252, 34.17629127130651, 52.64909192391911
7358, 13.442021083683803, 7.373639475218571, 33.279603937597145, 58.08723351179168
736, 12.530058951948432, 6.345001446929677, 24.68198451619327, 66.19451843369595
7360, 14.00389468583554, 7.016212928281212, 34.35981130277328, 56.65920137234347
7362, 13.695099892380297, 6.678770110434851, 30.475202489725888, 58.92750269321311
7365, 14.657030291615992, 7.386171148572182, 39.21959164450898, 52.99496668988727
739, 11.864998251174091, 6.283891025222258, 21.485957885367625, 69.74913920314806
7399, 17.20180501781064, 6.6825663706071285, 53.28433103030914, 36.9837107267134
740, 16.759961275391788, 7.95401059470667, 54.516710718079196, 38.737247733616584
7410, 17.917723171967012, 6.709337153992765, 57.470822111068365, 33.45645761190201
7411, 17.646166620998436, 6.770701144317012, 56.38686131386861, 34.29295130188474
7412, 16.35539846507411, 6.630130713903994, 47.706914123263424, 41.11730944590463
7413, 17.512900558053634, 6.664795458597804, 55.081384567837645, 35.28124034202122
7421, 13.613414513737082, 7.397936220075313, 33.8610937877843, 59.15159537233839
7427, 14.37987952623833, 7.0152321852919375, 36.90615066836478, 53.65540417607586
7430, 13.544095206151217, 7.459130768778633, 33.94697628213088, 58.75450142803924
7444, 12.118511308636396, 7.245432647601609, 25.19874263767152, 68.1421720612374
7457, 16.406728044595273, 6.9533101854125245, 48.15880893300248, 41.62779156327544
7458, 16.894054720759115, 6.657257595994964, 50.406097087864644, 38.79509930293967
7459, 10.406958584568685, 6.221948561882316, 17.612600380183885, 75.14321552805472
7464, 12.043511116494077, 6.911777620520945, 25.851629644625206, 67.48072215985424
7470, 14.843980948050643, 6.728992262659425, 38.21482602118003, 51.692721465792566
7473, 15.681112740507261, 7.187394381998492, 44.71784293502284, 46.62873593181535
7474, 14.380932955657098, 7.402622155782481, 38.73599581361052, 52.964962774434476
7481, 11.41338808386904, 6.374171916933024, 20.75208913649025, 71.98700092850511
7484, 13.088110157744458, 6.947926836262767, 30.727664320603054, 61.098611591861854
7485, 16.43512406708209, 7.485525880979434, 49.76514886844455, 42.614805325880205
7498, 16.129466076844494, 7.058439928965304, 47.891582749562176, 43.184927758318736
7499, 16.478103677350088, 6.9136395475600825, 49.057584461769935, 41.65914375598413
75, 14.275839361256988, 6.779922871494916, 34.987446877147704, 56.15103019762402
7501, 16.395422307536577, 6.9805192263838025, 48.74462086362962, 41.6768066478706
7512, 15.004650995754329, 6.996245651477714, 40.62284675078223, 49.75205864744886
7515, 14.855880957960185, 7.179392535121067, 40.88200238379023, 50.62968043717814
7517, 15.25085070789738, 6.96122526414653, 41.692204285763104, 48.54577974230739
7520, 15.148343821999529, 7.049449943749896, 41.61785657748931, 49.22770754652977
7523, 17.6769912535675, 6.369475578457793, 55.878903704990655, 33.72859025032938
7525, 14.231225998036725, 6.472497369365006, 33.806956380736175, 53.68290903194421
7528, 16.55993252623546, 6.7926586797931625, 49.012173218918385, 41.18140091798044
7549, 13.985064874912199, 7.053063908726697, 34.943762475646345, 56.54949021670272
7550, 14.1168381165987, 6.950935049385512, 34.61538461538461, 55.73222398039916
7552, 15.43808424384099, 6.630783085728989, 40.72414183113725, 49.04710739127976
7553, 14.887620828506758, 7.626090769492387, 41.903155981296116, 50.85447087384446
7554, 14.523218703335813, 7.195138135900085, 37.761666496477076, 53.108087409374036
7555, 15.562428862031476, 6.633904288866224, 41.39006026192365, 48.42664885251833
7561, 13.338618523442088, 7.0314864390125384, 31.014701442274195, 60.16907819866688
7562, 15.756921628024177, 7.116369147699929, 45.63723255146326, 45.795970751642265
7564, 16.690148981726253, 6.688966911912316, 49.52088922958988, 40.500274967920404
7587, 13.036003645491041, 6.779707164730201, 28.509234828496044, 62.79155672823219
7589, 16.138522044047544, 7.70962506607828, 50.06488450558007, 42.069116971790216
7592, 11.996585045951852, 6.614517145375491, 24.16819956756059, 67.39923193597315
7599, 15.447479453500133, 7.4109231729742175, 45.52787522048477, 44.02758784707771
76, 14.037297626680003, 6.738474051932446, 34.51320040102484, 56.52640080204968
7602, 15.611453688508144, 6.585092854985849, 41.311107549286746, 47.22872255169098
7603, 15.359023366207975, 7.175154553958747, 43.062191549185, 44.47787019013351
7604, 14.430144804797296, 7.090206903294793, 37.3921572552395, 52.471125167644175
7607, 15.133235121537927, 6.605519462403797, 38.863030847751425, 50.627547908708635
7608, 15.39829645395047, 7.384086177688155, 44.55904393784018, 44.750335252820065
7609, 15.091443759263589, 7.27898355256031, 42.427285795868535, 47.5335263188988
7612, 15.200901910313354, 6.875155903023541, 40.3744861253854, 49.06539054470709
7618, 16.16818626636014, 7.095428205863872, 48.12761373716893, 42.60708401976936
7619, 17.671220335311467, 6.530632864811497, 56.24045451768587, 34.46911845561733
7624, 14.196531451107486, 6.388573962612162, 33.49588675609576, 53.6144667605425
7625, 17.448967426890288, 6.861663489003942, 56.049131198606375, 35.23037630836913
7628, 15.845535187313866, 6.817072236341196, 45.20115433731184, 44.26702597258952
7633, 16.694592369409694, 6.672537098862644, 49.94823871743935, 40.42416272628074
7636, 13.964440963319857, 6.373863410786202, 31.449995879913207, 55.20504298623891
7637, 17.579323833073193, 6.646553289692381, 55.919839238032324, 35.00013763867096
7644, 16.244326891026216, 6.789261870418, 45.07818317200298, 44.48001985604368
7660, 15.54896929519384, 6.514898527659131, 41.28979256520846, 46.794002875333746
7661, 18.188334433325014, 6.179860896808998, 59.15495829849712, 30.644996839250393
7672, 15.954613431748378, 6.9359997699783795, 45.996443283884474, 44.447696013326436
7681, 16.369301120180417, 7.127588625517089, 49.06640625, 42.34375
7684, 15.99033775118644, 6.8026754162739005, 46.064778898370825, 43.159425911559346
7693, 15.261079496512917, 6.734817095760026, 42.39764779257808, 47.491869737604134
7696, 12.492522916092222, 6.48581655385478, 26.379822601982173, 64.4184684782373
770, 15.61484231384955, 7.048828673357868, 43.86463478196123, 47.11970415229207
7707, 16.82473806536367, 6.939600987959585, 51.50889423532309, 39.62718093469983
7713, 12.63336500080759, 7.19832392940266, 28.979463226571767, 62.14783511269276
7714, 13.610998183356864, 7.206620184822077, 33.08000638490325, 57.83303477998688
7718, 16.136619733698442, 7.6645262993665355, 49.578467392730616, 43.596640860779424
7719, 15.721664814931096, 7.5651180395689455, 46.62532282739221, 45.987070454508064
7721, 16.426160164992435, 7.029158114035309, 49.053871403745894, 40.79616399562335
7723, 19.64566177604999, 6.400282986059426, 69.36192155427659, 24.052696363817823
7724, 16.445588497222214, 6.68636349020062, 49.439649619992274, 40.248615226072396
7726, 19.26775669179223, 6.296719599298094, 66.29493931760935, 25.850698419967944
773, 15.195645490906386, 7.202155698241604, 41.619022558189606, 49.32660335382628
7731, 15.337889416219209, 6.8909067931634365, 42.93126649759329, 47.59976191708504
7732, 15.930902709700996, 6.787727805924985, 45.79119068661146, 43.85017402594569
7737, 17.766637466265962, 6.855057568899245, 57.66518451386332, 33.97858902829307
7740, 15.92749382003613, 7.102174245279503, 46.17665569326104, 44.798121611154144
7743, 15.978991881772838, 7.088775802659627, 46.478465086513964, 44.257960129921884
7747, 12.602334120886212, 6.54431640066426, 25.698698315467073, 65.71114088820828
7748, 12.33846576625132, 6.9199230868843955, 27.152205319962608, 64.91128674352946
7752, 13.932586935674456, 6.787845844630399, 32.843738135271465, 56.92140803818408
7753, 14.585318244240527, 6.768815224965601, 36.32420634365425, 53.497124788381626
7754, 13.68713064165175, 7.073824051805828, 32.86161199801286, 59.09048188079862
7756, 14.805606274637363, 6.8810314911797805, 39.45916114790287, 51.17917586460633
7757, 16.970345607595487, 6.84061148158665, 51.81912405655363, 39.21414903795046
7760, 16.41295507647813, 6.68397401761011, 47.593547708015365, 41.95963370348929
7763, 16.487400236344158, 7.092123098805808, 48.65938532919994, 41.93578188835739
7764, 14.798323883898188, 7.091631852847687, 38.62852632016286, 51.31081474095309
7766, 15.126128672420705, 6.912476773819941, 40.1616810069398, 48.254647585930186
7767, 16.886589177175452, 6.601176945291144, 50.2973096594453, 38.951030534880175
7776, 14.667454460224285, 7.108971181360967, 38.48164687942489, 52.31674109574121
7787, 12.682465899439713, 6.61957304382264, 27.105348957634106, 63.51239907174776
7792, 14.62189075486549, 6.485202213444632, 35.04528985507246, 51.461956521739125
78, 15.718150631185011, 6.855581091125333, 43.352113727099734, 46.62288720570128
7801, 15.443614537134028, 6.864527147797974, 41.296018919984235, 47.83287347260544
7812, 16.383128318956185, 6.995337995910803, 48.82628382450664, 42.11315272991392
7820, 10.950560698580919, 6.546344506117277, 20.862860706389252, 72.35444186178354
7824, 14.364000100033017, 7.1349544928630015, 36.42387320696099, 55.0302177131623
7827, 13.939708449697939, 7.08252650646579, 33.79437736529105, 57.87258965579384
7828, 16.458796933474293, 6.5836566011993956, 47.90446841294299, 41.53358107495695
7829, 15.17648062696394, 6.424323798289425, 37.77782504200608, 48.932301082587145
7832, 12.643573933329003, 6.888696783489748, 27.627573858549688, 64.80112546361427
7836, 11.448609606607787, 6.797509674411811, 23.860428388115686, 70.01678017964663
7837, 11.46518848612177, 7.107287757157848, 25.021630550202538, 69.62284186101388
7838, 15.004898389356539, 6.729881219317967, 38.04596329180171, 49.95455088006023
7840, 11.667912880993788, 6.3063986678884065, 22.144624265539637, 69.69642304917019
7841, 13.844837091666204, 7.048289943153242, 35.01573055630075, 55.73982391532327
7848, 12.21632862301248, 6.668764124613404, 25.265615416575987, 65.45713550837901
7851, 13.49706286837414, 6.623787702842052, 30.927474916063424, 58.435383391231774
7859, 16.714909368627424, 6.845486025849988, 49.643432965397494, 40.04092769440655
7869, 13.970236277220872, 6.340831285232713, 31.69924275462871, 55.42163898029576
7872, 13.981077252266752, 6.395523723698044, 31.973955463025327, 55.20380462515053
7875, 14.558652089400429, 7.125771461835223, 38.106581445535916, 52.70345169164731
7876, 14.969025104564432, 7.102215237750498, 41.01838934686113, 50.057070386810395
7878, 15.527460335983111, 6.654519522142605, 41.25850812612863, 48.601194610362555
7879, 14.638178152232388, 7.196774071408121, 38.796603023549956, 53.133771005240014
7880, 14.585201867701317, 7.245456349176584, 38.790612863502886, 52.790802311262674
7882, 15.5115580123668, 6.68341425096379, 41.15520453850218, 48.6985177563336
7883, 13.656077721220177, 7.21998819727401, 34.58161269289285, 57.502716800695495
7884, 14.791625786824964, 6.7588973070740375, 38.64878715408268, 51.4167663136317
7885, 15.491481298127194, 6.588201084898834, 40.8298224790327, 48.914135155934105
7886, 15.78066731695912, 7.1016634043637845, 45.76827581610038, 45.6149705887254
7887, 15.684760095118774, 7.051670727728094, 44.81933757109401, 46.32820341251255
7889, 11.68211887931966, 6.990058912856588, 23.0694421932526, 70.54437678004956
7899, 13.89105342130492, 7.135257609177038, 35.501173315454245, 56.61939395706103
79, 14.559157054575996, 7.069890071596815, 37.925421162218434, 53.04788945674807
7914, 16.39949481270081, 7.125533960070579, 49.5187914096413, 41.97509709846927
7916, 16.072882891932032, 6.291651482227573, 46.66456096020215, 41.77195198989261
7917, 14.116766528025526, 5.854106925235541, 30.633968171145316, 56.30576571875815
7918, 13.737684752079305, 6.358426782529686, 29.89145658263305, 58.05847338935575
7922, 13.058289943579318, 6.776553585090962, 28.864024781029695, 62.84981841486862
7931, 15.267284468829526, 7.261284673765911, 42.37837004292066, 49.28936749852219
7932, 15.655367290598932, 7.092321281014324, 43.903790876632165, 47.26414972738171
7933, 15.837032410940818, 6.907634161794335, 47.32051626781393, 43.29792955095456
7934, 15.301111307783819, 7.253634185412692, 42.50852254454235, 49.097575094873605
7935, 15.654434685971509, 7.111441294771971, 43.96448562053658, 47.199382358618024
7937, 16.39137972832335, 7.1605334333008885, 50.350322846544856, 40.869624948481935
7938, 16.085844650458657, 7.192542072507507, 47.237600593573426, 43.82598025226871
7939, 16.11100532128341, 7.186231902169701, 47.315531769528576, 43.75427009792758
7941, 16.439730545991893, 7.041085558319147, 49.71475394629026, 40.92391892518668
7942, 16.514616479453906, 7.141044372150751, 49.65040194428865, 41.51897550944102
7943, 16.47324070119333, 7.191006735267057, 49.62041884816754, 41.56507105459985
7944, 16.794431349492918, 6.7520073663095665, 52.07943717160922, 38.577690701655435
7945, 16.104218729458953, 7.185100590662924, 47.2735030578865, 43.81453562793344
7946, 16.095949013846294, 7.177186139881226, 47.20271286482499, 43.88541267611629
7948, 13.814265842543172, 6.666248971589564, 30.960105925993307, 56.8088783771491
7949, 16.7696399644217, 6.734296978604054, 52.08252412680391, 38.517732827392514
7950, 16.025977235889872, 6.409090225131308, 44.17409601860568, 45.111024973697326
7951, 12.201554600601629, 6.178228423708556, 22.378602092491196, 68.3941286856379
7952, 18.22046414651745, 6.540379333372053, 58.1445070953948, 32.1210723793154
7953, 19.20841882648941, 6.131197657592849, 67.93792640785793, 24.238320063795047
7954, 19.571507597253582, 5.946217656677619, 68.17150833115241, 23.130943034109745
7956, 19.31186123278654, 6.15486238716691, 65.72880721739493, 25.610111004864255
7957, 19.255787350396897, 6.246231689224503, 65.7198351507503, 25.710370122059434
7959, 19.539016762952205, 6.031039519479521, 70.40962511251696, 22.237154049976546
7960, 16.09555287106313, 7.169226707382401, 47.21804297839725, 43.83569421182615
7961, 18.188616836714793, 7.232445234963442, 60.35309005663548, 31.29576997282327
7962, 16.075704587383477, 7.2108145720038594, 47.27513077098021, 43.80685694791904
7963, 20.258477388495237, 5.686022367446509, 75.43436952768911, 18.18204398961736
7964, 19.32995542382463, 6.1420870346417615, 66.20996370308325, 24.91623788440828
7966, 16.672713286694602, 6.882118113736589, 52.0664102526025, 38.644767519565185
7967, 19.271855682242844, 6.1333269827533154, 65.42247656466871, 25.730819329076894
7968, 20.167754091912823, 5.7051897504269835, 74.87379967358713, 18.582760845637075
7969, 18.25170348262832, 6.612530373644596, 58.63764821836248, 31.70640946988364
7971, 16.423057025215684, 8.005282645341246, 53.32823349417441, 39.22443215252442
7972, 11.522854476182404, 7.42212435148494, 26.046322633075984, 68.5315928484356
7974, 16.263996722503578, 7.477702052719703, 49.87512232170243, 40.5640673609184
7975, 17.041057909730085, 7.304061517586575, 55.977710233029384, 34.445465469710896
7985, 16.346084829709216, 8.017402326424113, 52.568632780646915, 39.95532812555397
7986, 17.555655715384045, 7.749856867732032, 60.82291636172019, 31.954975262741886
7987, 17.855417783261956, 7.492617182680956, 61.444661749805604, 30.73470157166757
7992, 17.741310313791278, 7.510468326055006, 60.7098251457119, 31.433296327134798
7993, 15.17950196780047, 7.0293198942396895, 41.77823093063806, 46.19203830126784
7994, 17.844094054674127, 7.500436152218882, 61.343169974822885, 30.751214942326833
8003, 12.876780109429854, 6.6163408703470035, 27.526523252400718, 63.51637522539523
8009, 13.026548244135412, 7.06267769543041, 29.924119184307468, 61.990323359326624
8016, 11.14597790281066, 5.876582490390789, 17.75753510612978, 74.92697492264752
8020, 11.035521789977052, 5.857008458284009, 17.29133482863613, 75.55071568659321
8023, 11.20009582066547, 5.9334558603089125, 17.360975974852185, 74.83870967741936
8025, 10.744519999159898, 5.394460392448653, 13.848928680081707, 79.01473336520492
8026, 11.27995114652136, 5.893896685045563, 18.163600127726575, 74.29282418877106
803, 16.025237774029645, 6.714017331825028, 45.56566720950283, 44.345243797298586
8039, 10.143777712442718, 6.112061159078982, 15.971271800409326, 76.41726203181697
8043, 8.304566503272232, 5.203873114217756, 8.706477045531706, 86.85100657638286
8046, 10.675320885084613, 6.3638166496980855, 19.575993196452433, 73.50990159154416
8053, 11.954942232098155, 6.919847886382074, 26.559794980847613, 66.02870813397129
8066, 14.06685404077696, 6.847146685303613, 34.39917085663872, 55.475515430803355
8068, 13.935526814005273, 7.593790255526285, 37.242214171253394, 55.36560300982373
807, 11.477119545856187, 6.7884909189591935, 23.0990836372552, 71.21578963498727
8074, 12.755313904278436, 6.757689251268492, 26.639980324476518, 65.77222189241219
8075, 14.004326045642614, 7.337390477605279, 34.82390696902349, 57.67957431504007
8079, 13.701945955151771, 7.516334248980382, 34.56657075595083, 58.08841224169501
8081, 14.897805834652157, 7.358511931684738, 40.62640241293299, 51.28734984397341
8085, 13.723762622175666, 7.077506251920673, 33.11239094874591, 59.1330425299891
8087, 14.50340884854928, 7.440937849602701, 37.70486182541315, 54.878111499691414
8091, 12.812346671664711, 7.545802061065252, 31.44106839034471, 61.98870390080564
8093, 13.78741082270676, 6.994022807665413, 33.28928251259699, 59.13243067791895
8103, 9.617721436618412, 6.072287080558023, 14.918271310411724, 79.21849807967072
8106, 16.01982365902341, 6.94008378234939, 46.433670618908685, 43.76228609266042
811, 10.230219124602819, 6.328706328747897, 17.45770571253347, 77.725756510553
8134, 15.723377107420966, 7.236541943882502, 44.48374707559147, 47.127492234846976
8157, 16.055227693364237, 6.849355067703049, 44.41884044612407, 45.22690263311519
8167, 13.235953690601507, 6.469666635583471, 28.304262620709224, 62.321873531315674
8179, 17.716314161779962, 6.547651896798275, 57.01467235634535, 33.39568597650085
8185, 15.291930283559779, 6.751482758336398, 40.46681254558716, 46.44784828592268
8192, 13.633706978018985, 7.605487559168229, 35.718013807501606, 57.398400986927946
8196, 14.39555003022485, 7.489497879200712, 39.96425575372944, 52.52762884341832
8199, 15.49525855365469, 6.945669766139309, 42.447944191945886, 48.110664834584085
8202, 14.04157840602678, 7.062346328075022, 35.84964346193279, 54.083196055617634
8224, 12.023233204834236, 6.078079391278833, 20.787661607644743, 67.73819561551433
8228, 14.251301602446638, 7.433122843145112, 37.59326234856724, 54.48544475075242
8229, 16.932076704993424, 7.040818817829272, 53.21460315370181, 38.399666414282734
8232, 16.108073881627057, 6.8155679540467, 45.43790809125735, 44.06377467934302
8233, 16.433246701379613, 7.257378275243852, 49.755402334270634, 42.19791225299488
8237, 15.825002227423157, 6.976751986504671, 44.909278407982384, 45.5419604782742
8238, 13.847097903663668, 7.052165577472488, 34.3367642082974, 56.72076752638645
8241, 15.996713958840207, 6.804822149244991, 45.53193559371503, 44.25094452822234
8243, 13.916645047287034, 6.7774244403607735, 34.216746096322986, 56.08508659769848
8253, 13.572833190570105, 6.6402024266003545, 31.74533536349325, 58.499574182559556
8259, 13.477144725267467, 6.568557267283259, 31.060520468496968, 59.39065265695025
8260, 14.703410490588158, 6.991985138088682, 39.30481551722408, 51.70534934826455
8261, 16.079112889805977, 7.209933129564469, 47.75424953611756, 43.816610254832305
8262, 16.296394998573, 7.017946145229096, 48.236210875450816, 43.08021219417165
8264, 14.263167004690201, 6.754648515118438, 34.93739915266668, 55.647882098142254
8271, 15.981223629672273, 7.485488600521299, 46.119780133899496, 46.08591450230547
8272, 15.268859748669772, 7.067010267788833, 40.7309356234261, 49.39497643184607
8278, 12.953476659463984, 6.351969175615026, 26.811189151092425, 63.370355068413254
8280, 16.62457194905115, 7.026595462765857, 49.63597918434014, 40.69309563301638
8298, 14.208561930143052, 7.266434501211141, 35.948707109138304, 55.60628478827591
8308, 13.141197337461088, 6.8834738996738425, 30.961152757428774, 60.89529309682651
8309, 17.833312082218203, 5.4443800153252875, 56.11460338913894, 28.33335458451809
831, 15.578225383293308, 6.609801420455822, 41.79780356893158, 46.4563456636083
8313, 12.894244943358643, 7.362433067840764, 29.782124721714986, 63.946769392400626
8314, 16.902520218890313, 6.694471432342306, 51.83558381450942, 38.4079624345638
8315, 17.39362240307509, 6.906833649579193, 54.84200139047747, 36.60319809818565
8319, 10.913811582772862, 6.8577165451012565, 21.824128039756637, 71.30615899000603
832, 15.201648058300929, 6.573756513188356, 39.496891257454635, 48.49532631222772
8323, 14.427259544526752, 7.3326728897677, 38.58589157413455, 53.19439908556499
8326, 12.046157345621227, 6.7120180776945295, 24.366268359878063, 68.39737215330193
8333, 16.885859860356568, 7.072074758948298, 52.43757196907386, 39.1353841092285
8337, 16.915457808042053, 6.730424328929274, 50.700748474415605, 39.21360814698273
8341, 15.832136748336387, 7.278424429583469, 47.16870426081205, 44.38754827284559
8344, 15.314186576569645, 7.457721259751342, 42.3953966666292, 48.74970498656987
8346, 12.918598261609386, 6.916689658845308, 28.96908848336838, 62.58281889514507
8348, 14.499857048275972, 6.070498519390836, 31.881102747547246, 54.96958821747337
8349, 14.036787163432729, 6.887889868381937, 34.54026908053816, 55.63891127782256
8352, 16.154646158224356, 6.812461260017553, 46.333122700070625, 43.14202877002565
8355, 17.11984852693207, 7.325440298475186, 54.48812647454413, 37.99087160717042
8356, 16.792355127267403, 7.414605744374775, 52.45625486934367, 39.97810111389526
8361, 16.243490515983144, 6.808170022552442, 47.150814738931395, 42.56970899894356
8364, 16.72911942939643, 6.796419689522231, 50.15890991451742, 39.77314239789581
8367, 16.362884539198056, 7.244502649541907, 48.32262494482319, 43.63382215900731
8368, 16.763780632719527, 6.828506635162151, 50.62044748143403, 39.62559612783828
8371, 16.70024617882034, 7.305838136656, 50.835096138667005, 41.4485523947842
8372, 15.603402234655968, 6.817026380307313, 42.77524066103756, 46.74737983375497
8375, 17.4670144141638, 7.263003395251706, 56.809961335384365, 35.97887997339209
8376, 16.858239782995113, 6.8658001309375924, 51.06953726614712, 39.4537844275374
8379, 16.74021169408834, 7.217448426322078, 51.38671017129949, 40.666373847022655
8380, 16.873610346442845, 6.7903665623292255, 51.628831742008785, 38.69431274443401
8383, 15.958257891251025, 7.579793209661668, 46.810138982428214, 46.09685911957387
8393, 11.258555904518941, 6.615745202754698, 21.662445730824892, 71.10769416304872
8397, 13.482580396163788, 7.397659377723088, 34.58548754474131, 57.55088759535775
8400, 14.541141198237874, 6.979216849780585, 36.89770677660397, 53.36795996691032
8408, 17.22435130540674, 6.610920322603041, 54.97837518279971, 35.70895174087557
8410, 12.642079837389856, 6.802466457321487, 26.929822537096438, 65.72704405418503
8412, 17.03931878152461, 6.73790463784292, 52.6594750700756, 37.38384438970526
8413, 10.248971782690385, 6.089358153572561, 16.151802458845594, 78.09178995624089
8414, 10.399000084513784, 6.108867409706911, 16.577133465793413, 77.96624720975298
8416, 17.834256095663164, 6.344847359231397, 55.611776107943456, 33.18103437425267
8420, 17.080813531375586, 6.849318701198371, 52.461234381985456, 38.177368879267746
8424, 14.588659245892641, 7.620616926342223, 40.86962065667836, 52.47051322919988
8428, 17.062531807328384, 6.711309807970086, 51.883460489435784, 37.2242681715916
8432, 18.320130330730056, 6.298596303790962, 59.63346513525387, 29.581371995230025
8436, 17.661214982913176, 6.508183201011705, 55.34703081934352, 33.841142570784264
8440, 15.57934498363093, 7.292287789441797, 43.963824747621885, 47.95120900834716
8443, 17.43852779347924, 6.872401805262065, 55.06077348066298, 36.13259668508287
8447, 17.22742810080685, 6.811908890197992, 53.49361382419233, 37.49723781323198
8460, 13.549545016250995, 6.575330509424841, 29.98150799761115, 60.159448549780905
8463, 17.419080049872598, 6.858203721950433, 55.31898146326105, 36.138769727261995
8472, 15.05881038715906, 6.980701068358093, 40.39107852123434, 50.63878421654162
8476, 15.34550025080466, 7.267845102844354, 45.42125436390713, 46.05966651204805
8487, 16.52018530713325, 6.888342895269078, 50.413282029357276, 39.9472709134958
8489, 13.494568294507149, 6.28304178659557, 28.91580329782577, 60.052531737924994
8490, 13.525604720434545, 6.52562778745343, 30.31052114726897, 59.60854695066201
8495, 12.021495109056772, 6.124528899345509, 21.73690521451759, 69.57271956248356
8500, 16.34117800059697, 7.197930288050884, 49.007186782247906, 42.12417574275765
8504, 13.520285153334001, 7.328583727178762, 34.386718374411075, 57.759366686965166
8505, 14.801058420636343, 7.013856199485344, 39.19472981066016, 51.71142949279034
8514, 14.225769247180406, 7.021237173009791, 37.09026128266033, 54.04790182106096
8515, 15.437598771738429, 7.373261387813888, 44.295315358307484, 47.58013202895093
8517, 16.388896856491325, 6.9854954033843475, 47.38761986683233, 42.67737105355379
8518, 16.55289267300701, 7.12168903035268, 49.71891969475875, 41.73783380778094
8520, 15.459640992586419, 7.41586706210242, 43.40083297429269, 48.596869165589546
8521, 14.44386659890914, 7.531818211305313, 38.26927781055298, 54.31457472984446
8523, 14.978233906528333, 8.162579317679569, 44.65593583781225, 49.01417471942967
8529, 15.245684679800647, 7.094043215303689, 42.2272030199363, 48.69175415831072
8530, 18.4670399943099, 6.566692110556522, 61.39072291853178, 30.122538048343777
8534, 16.083730295248817, 7.100628607246181, 47.29570840681952, 43.98393102096806
8535, 15.455751090072667, 7.290146223991921, 44.21492444062634, 47.45206763247296
8537, 15.30071246341594, 7.365599841797346, 42.17231187469377, 49.613554821476555
8547, 15.051528355519924, 7.084841948986508, 40.96028316631424, 50.18617265790199
8549, 15.365879989089368, 6.911749007609735, 44.6040213377103, 47.0119744842765
8555, 11.760614357966412, 6.450683947716334, 22.16377727286875, 69.12342950812868
8556, 13.301029515427006, 6.844221262651332, 30.222481459878342, 59.48254312140655
8562, 16.041651691247733, 6.953783077979582, 48.25543682359769, 41.99071387115496
8568, 15.039582132619854, 7.03849481067009, 39.99182439415676, 50.023909790673635
8569, 15.108047626363717, 6.6788685633237, 39.13909890901175, 50.60829084088987
8572, 14.216834487333363, 6.866680796042854, 34.769986124452984, 55.92699327569645
8575, 14.165011600071004, 7.088459779770916, 35.514642461083504, 56.06953628783834
8576, 14.045617970355467, 7.090310944253454, 34.784932971461465, 57.12024015132824
8580, 15.263418722961983, 7.264735908887446, 43.13569562208888, 48.20659526784885
8582, 12.268197340296137, 6.5718398225302765, 24.841409236491373, 67.7497675379688
8591, 13.663357684417727, 7.139756644628584, 33.2422080580083, 58.25244137769721
860, 14.1047440965009, 6.988489159349659, 35.939003271117954, 54.2524533384645
8629, 14.633215178143873, 6.7787153804545435, 36.1260692224518, 53.43810553586913
8630, 15.667453927135924, 7.454323735207816, 46.06404673978945, 46.24152565727829
8631, 15.80374682748591, 6.885818274697378, 45.64165030294757, 45.388581449317975
8632, 17.256199159686272, 6.739673955648703, 54.42010077379881, 36.82854957710995
8633, 12.895913248298044, 7.0759323379326835, 29.70655886247996, 62.28479821565484
8634, 12.660423213261577, 6.995445073766031, 27.98471030600162, 63.541558468537715
8635, 13.485880301762501, 7.133515109183968, 31.715257939842047, 59.35767097966729
8638, 13.3934563932804, 6.988240384603403, 32.052122812247156, 59.534982753481245
8640, 13.483712786520194, 6.946665491858998, 32.16939015815735, 59.23233966132134
8653, 13.175428400709771, 7.1575719687900135, 30.988744588744588, 61.04935064935065
8654, 12.845542964077902, 7.088364221082411, 29.217197281160256, 62.105654608185446
8655, 13.729492238191467, 7.146316499592687, 33.13154587348136, 57.804775869292
8658, 13.497047388418938, 6.951610432531658, 32.22824994976894, 59.25172459982586
8659, 13.401060618422898, 7.006053273642576, 32.21896498139453, 59.35103443062217
8672, 12.659409259345185, 6.9198472503816175, 28.002092050209203, 63.940027894002796
8673, 12.719032923524308, 7.095461445222133, 28.300006229365227, 63.240515791440856
8674, 13.674927571755145, 7.115490070267426, 32.75132826336077, 58.2123137826857
8677, 13.356007433009495, 7.005800190797585, 32.05524088985943, 59.50337791729221
8678, 13.439473418098489, 6.9768511240739635, 32.138603607491156, 59.2085958401657
8691, 11.23088443875861, 6.057026795246156, 18.429581335405494, 74.61099634213369
8692, 11.217871987487255, 6.018709616437992, 18.2398080621513, 75.06712112268409
8697, 17.528617925616533, 6.703906416398715, 55.296300683011566, 35.642938923763275
87, 14.855028872546342, 7.061664578439891, 40.3399841718194, 50.71194641581789
8707, 13.746693764276337, 7.115536156819817, 35.34359432229787, 56.05969906961171
8710, 13.151702237616435, 6.937108134109952, 31.891726473114247, 59.87620805733521
8729, 13.147090121340508, 6.895455409580073, 30.02259586628564, 61.324516514919914
8730, 12.733841545681411, 6.832898567422971, 28.183987492800135, 63.65835596149098
8732, 12.132706650246808, 6.644340698455879, 24.39780868099452, 67.0425621576064
8734, 14.395032419275019, 7.098628785519069, 38.001860023349224, 52.41110473514454
8736, 13.36252997528686, 7.055395662412273, 35.06418031129977, 56.431928441479684
8750, 14.041106207475503, 7.677390667285622, 37.435767586648595, 55.694901622008075
8751, 15.273254116853149, 7.063005906465972, 41.80096635755229, 48.09729599951982
8754, 17.226276014718415, 6.422100095183772, 52.15315813275715, 37.03582734535953
8756, 15.968283625851162, 7.406870563912383, 47.13415661635493, 45.22760646108664
8757, 14.67394746220591, 7.032069576202996, 37.84936957668153, 53.00349968838391
8762, 14.202844886100852, 6.864528223382777, 34.26181469444297, 56.719058021205186
8763, 13.888666180406563, 7.069707221247827, 33.91456339303577, 57.67444798938624
8766, 15.332985881235935, 7.138381803525545, 41.5661461417781, 49.92363557023969
8774, 14.497456382340472, 6.9992111256426215, 36.818579570985975, 54.435588770900836
8782, 13.405749929175395, 6.652026731636821, 31.42512805061766, 58.58780993566454
8785, 13.497634921079808, 6.7912991486967895, 32.072911645510864, 58.106153928552295
8786, 14.005625024865395, 6.007390330133107, 28.575595811090693, 59.43233861322599
8787, 12.983035148254732, 6.545865243460234, 27.898010451510636, 62.074987573718076
8790, 12.245401238849437, 6.702772884574943, 24.75472771221385, 66.42178934230691
8791, 13.408615158552704, 6.443195274303731, 28.004275461902576, 63.54659744490253
8792, 11.294245109797263, 6.937129602849576, 23.765524589618085, 70.04128791662505
8796, 13.142617596486572, 6.300126594846597, 27.60153256704981, 62.64827586206897
88, 16.09646736158259, 6.936430721137234, 46.56314405514889, 43.82488806765688
8800, 12.689960976437607, 6.4678743444933495, 25.684317555454474, 64.84627939956653
8821, 13.63738139127091, 6.909881557043439, 31.88429007557179, 58.84990741204143
8828, 13.907440856108272, 6.887421696385595, 34.172295385079806, 56.3815201942065
8847, 17.37421107126315, 6.68390156623176, 54.992177499644434, 35.743747079261226
8850, 16.69133071439086, 7.201628733408514, 51.188117845676416, 40.50627970294614
8851, 17.93284742725045, 6.623268325886133, 59.72345166508959, 31.73743170232899
8853, 17.72675965004811, 6.526214171628679, 57.83030749854085, 33.17512978834516
8857, 18.236454698371702, 6.479917297219144, 61.29319203104152, 30.03082680244774
8859, 18.24759507305495, 6.488358997004695, 61.35179027144072, 29.915706441883845
8860, 17.922980329507713, 6.799281335910859, 57.63407799486261, 33.85031524869619
8861, 17.95931955471025, 6.757814137861042, 57.6125748386216, 33.894338592351346
8863, 15.011539859098061, 7.1527727776348975, 40.4263681964513, 50.68503406453545
8864, 14.591501456609516, 7.323551565901138, 38.64427720992924, 53.201168145568914
8866, 15.549653850548076, 6.56469933504189, 40.805353460685524, 47.51818853830292
8867, 14.839203003317644, 6.813112049466789, 38.017576740743074, 50.97884806199109
8877, 14.32467614270141, 6.558195865313691, 33.720108421289716, 53.560583113927784
8881, 14.810842638526719, 6.818980418176718, 37.872092840406964, 51.26271759470382
8911, 14.325472001397609, 6.945492395493598, 36.6809092067021, 53.55889811373189
8927, 14.514788270545273, 7.020346623966923, 38.70589637635092, 51.538660203432926
8953, 13.655113607049797, 6.762664061506767, 31.79019826457899, 59.43332202239565
8970, 7.998550536552714, 4.836237220287172, 7.434771548339287, 88.83567628548991
8971, 8.01829805028903, 4.832563968153229, 7.409341972194129, 88.82319600804614
8974, 13.386963637851593, 6.963364840817069, 30.148352195413363, 60.645182702200394
8975, 15.51922418722347, 6.828748265250133, 41.50699171724624, 46.22715536031656
8981, 17.37182236253828, 6.092652359666735, 53.82650741827499, 33.12063478943671
8986, 13.1461884793389, 7.295371036917187, 31.59785641169741, 60.9517692631917
8995, 16.608046130397337, 6.625133212677693, 49.850348831016674, 40.6422751238217
8997, 12.883792631164223, 6.590489699997159, 26.8742479347782, 64.08068899314522
9001, 12.761676093238238, 6.689766683522053, 26.948047839017907, 64.8193381003607
9004, 12.729155430808966, 6.70990329334014, 26.966718530606048, 64.92606226202675
9008, 12.76640610437407, 6.6966474402225575, 27.003345748374468, 64.75348778486206
9025, 12.618185931248775, 7.156901809432762, 27.894821603736293, 64.8624511368461
9027, 12.76854760969908, 7.142611885924234, 28.5865979527403, 64.3980688366298
9030, 12.708523238538564, 7.168250841250069, 28.425582180222747, 64.08341770727866
9035, 12.769251020163109, 7.138471524385375, 28.692661197101692, 64.26315937861231
9037, 14.3025246717901, 6.858003640362827, 36.307133454418214, 53.15681602319498
9040, 15.16054718208219, 6.6878453031817475, 39.759111528234, 49.39465039887377
9044, 15.347260249074072, 6.734543522584564, 41.29666615455523, 47.8892473668937
9045, 15.291820654706195, 7.012682918476954, 41.86305566192084, 48.8442928255648
9046, 16.06496788889961, 6.978667176115935, 46.177652935932585, 44.67394412392983
9050, 14.538124506183948, 6.921919307775051, 37.381843502480635, 52.8784054312821
9051, 16.171447576040258, 6.727040244458389, 46.579419025396504, 43.11318521524466
9056, 13.454849905105927, 6.2678668926704, 29.01717517856406, 59.08922009826184
9068, 13.610070570789048, 5.786496380749321, 26.256155938974413, 62.30154630299274
9069, 14.912504166793541, 6.972072022512983, 39.73684210526316, 50.526315789473685
9074, 15.392384888783104, 6.571741591441111, 40.16556799018856, 48.894444509958845
9075, 15.438341395698409, 6.591938583434693, 40.47223302802042, 48.78169537079605
9076, 15.531238952503859, 6.686644870390123, 41.45087870930568, 48.063382310573324
9077, 15.447896791492497, 6.609349480470964, 40.467746686303386, 48.6680412371134
9078, 15.416417812293975, 6.839378685135088, 41.165365638970606, 48.58701443098376
9080, 15.931457628214352, 6.908791581535079, 44.42918474748407, 45.65829563290555
9081, 15.66594497471003, 6.83760278709564, 42.566029012310004, 47.32242963647922
9082, 15.548762852074029, 6.797489413997946, 41.92128131644633, 47.66340020338356
9083, 15.574719743523682, 6.751941081477473, 41.009562445667925, 48.58533758330918
9084, 15.59019671225532, 6.695681622651953, 41.26713496555957, 48.12907772397645
9102, 13.248177540743578, 7.682469679082937, 33.60106066137617, 59.031954345445115
9104, 12.506425756630376, 7.783007266877203, 31.34605536737804, 61.8067509455149
9105, 13.408236751370124, 6.916981978965954, 31.6057293629853, 59.13208418953588
9116, 17.352505436046737, 6.568245668810049, 53.29687637816111, 36.246109648072775
9117, 15.716255615268262, 6.9726906486600155, 44.720968490319315, 46.11718057957565
9119, 15.811270773459903, 6.848405730970979, 44.60504023718763, 45.13977128335451
9125, 14.287460330235229, 7.099464533635015, 35.93907012083037, 56.01823484718512
9126, 14.00050689733294, 6.843289414300909, 33.90856301627546, 56.872767917995695
9127, 14.984319016671959, 6.734666723785065, 38.110301635991824, 51.32817825494206
9128, 14.784749547806143, 6.858781200713344, 37.589213191097635, 52.06584718687388
9129, 16.346943050413202, 6.812128361268165, 47.73302496072613, 42.66996858090417
9130, 13.846080066159528, 7.677329163223313, 37.60436982488773, 55.58825366639135
9132, 13.261415051913719, 6.883702910575462, 30.393954271722173, 59.963830038469425
9142, 15.559998067160523, 7.248577718678628, 43.08043389915283, 48.64640970333552
9149, 16.48083139185015, 7.1058285507111885, 48.89109331821725, 42.24119606036987
9150, 17.134305115061483, 7.092671453041792, 53.104793069828425, 38.80402989925252
9175, 15.748370615323237, 6.765837964728747, 43.58687867067756, 46.24552356395932
9196, 16.640428916496187, 6.949038302946452, 49.99558472904954, 40.81623642304183
9200, 13.619094249492566, 6.648277982642089, 30.664923240834906, 60.29226596929633
9201, 13.668625525221373, 6.653243648918895, 30.90369002816635, 59.94224715377878
9204, 13.987330155027418, 6.693393335380382, 33.027979324904756, 57.9812662282511
9205, 13.7413312552386, 6.628956771297747, 31.162318737979778, 59.56249336306679
9208, 15.88151021596026, 7.600332438556739, 47.921124294884265, 44.15969655709006
9209, 15.919761744649296, 7.076398507826144, 45.93483227125165, 45.16532403510881
9210, 15.831049977159921, 6.8934665751232105, 44.116544981775654, 45.7152914192281
9211, 13.884528393922013, 6.816852832895922, 33.06692160611855, 58.16252390057362
9212, 15.749731116280056, 7.669033661997911, 47.55485129205266, 44.75865431496831
9214, 14.14101555224087, 6.866620742395874, 34.50193737369992, 56.775246111348
9220, 16.31373160712675, 7.205014130672912, 48.16243873797227, 43.55745149964651
9221, 15.901554861583206, 7.12596059267168, 45.7149359886202, 44.826173541963016
9222, 12.54682768516943, 7.534242458347766, 30.16010472258584, 63.39140066458564
9223, 12.601271249168287, 7.571597718465524, 30.441529129637466, 63.29524615601636
9226, 15.02189821557803, 7.290699999176521, 41.271249766486086, 50.700541752288444
9227, 14.595342644483356, 7.453616721243929, 39.875808622059374, 52.19928987175538
9239, 16.83963138259297, 6.747146419618922, 50.576111402076464, 39.477494685603375
9243, 15.607276493489303, 6.787148260426864, 43.826765750071665, 46.43542305232751
9244, 12.726594474449042, 7.537589630618432, 31.15976863553895, 61.100686960162506
9250, 13.676742045928378, 6.696790363983505, 30.66714792757023, 59.8496059676352
9256, 15.445072743928018, 7.046006537058261, 41.977446406594346, 49.04261713271702
9259, 14.193415234410018, 6.730103266544887, 33.43799866165646, 56.43177021670871
9260, 15.118442604509731, 7.13813355572313, 41.50305307656176, 49.51933615155785
9261, 15.467961232666173, 6.921393606892563, 42.998558689833224, 47.368421052631575
9263, 15.701095144998932, 6.9521227436766235, 44.26758409785933, 46.0565749235474
9264, 14.876584830149831, 6.888323830539544, 37.68866861905835, 51.36573552601937
9265, 15.258536367798254, 7.248098027953758, 42.21577491397341, 49.151879090479724
9268, 16.198540204405212, 7.06032818586624, 47.032302405498285, 43.051546391752574
9269, 14.688408164297066, 6.986122764773268, 36.76397634039306, 53.09482923106278
9270, 15.64236836187867, 6.551130331315911, 41.48658251128573, 48.57047316502257
9271, 16.559933546502627, 6.745288492476932, 49.56932535824077, 39.82930159010774
9278, 14.605641025398402, 6.3464191062014805, 35.5185043663035, 53.24373945703129
9282, 15.559362900486997, 6.773704839446139, 43.32044755744377, 46.02263303606741
9283, 14.046444983981415, 6.749455750953064, 33.21724814791363, 55.3055151016273
9284, 14.866796326513466, 7.019900316253108, 39.4061108624467, 50.87987938467337
9285, 14.363236424272042, 6.395403992005282, 32.87945095266539, 54.22817646556874
9286, 14.60318724692927, 7.275568103579394, 38.65965370083449, 52.64888961374324
9290, 12.40882294122469, 6.899600268806728, 27.380750034766756, 64.89794026299117
9292, 12.16485441882644, 6.774551996377267, 25.96833168071393, 66.2772682201289
9293, 13.408213870887801, 7.127525562622509, 33.46771903923684, 58.11140764295043
9300, 14.848783053254445, 7.438001833584765, 40.48396448079094, 51.5516767874035
9309, 14.021707844499172, 6.825830871493317, 33.83104929433422, 57.084416912602634
9340, 10.821161024128239, 6.145015190196197, 18.15389865210715, 74.42757208667463
9350, 12.419991944485297, 7.4811531925042285, 30.218908864549217, 62.88479494894103
9353, 15.21976982540606, 7.008743735820969, 40.77620106001026, 50.44818406076741
9360, 13.499663241403338, 6.483592623707612, 30.03055933891108, 60.550983736022246
9368, 14.274053114596397, 7.740010224405137, 38.903402280480684, 53.11491532716599
9373, 12.241293109039463, 6.950786416294776, 26.687953375906755, 66.07198214396429
9374, 16.290155242638985, 7.580052490897831, 50.12853052193154, 40.696993361967984
9376, 12.626084313823204, 6.709559967901698, 26.097881665449236, 65.29145361577794
9377, 13.008706080712091, 6.664619575170209, 27.265625, 64.38100961538461
9378, 12.959174947615189, 6.79243426937007, 28.270265228071267, 63.33136407450017
9382, 13.900696056221602, 6.489161075984363, 32.1246952281435, 57.47474747474748
9383, 10.766436644104072, 6.218293476501854, 18.09228863425209, 74.2954475069681
9384, 10.536317817984258, 6.338384261157955, 17.719606828763578, 75.58406621831351
9385, 12.320769675875681, 6.598668973870859, 25.27007208807552, 66.18676801685498
9389, 14.884078856375826, 6.905847820787154, 38.450270982862165, 51.72909703450205
9391, 14.338664968758735, 6.6602074073301285, 36.12660654166564, 53.73897230481901
9394, 15.394783226265652, 6.646437472851304, 42.180534470710136, 46.766187137039445
9395, 15.223090959750952, 6.648400542323604, 40.44577828203345, 48.58910075760348
9396, 15.820575616611304, 6.78503084277436, 44.925542933795185, 45.441733312957396
9404, 16.945318037716657, 6.963814438065912, 52.43539036679851, 38.446118004009314
9408, 12.700269740997014, 6.572498037917069, 27.077769415713725, 64.01641036570341
9417, 15.085106691060036, 7.325949373234439, 42.0056533887842, 49.21209955162779
9420, 12.625230168780234, 6.618659811654085, 26.905847585681236, 64.27062300255406
9421, 15.861236023727685, 7.651370819866182, 48.09733726056101, 42.75604404293593
9422, 15.406494826116464, 7.460822000770471, 44.2302412835921, 46.00555165787146
9424, 13.540808312447993, 7.150520537598777, 32.698223677681845, 59.00565644537065
9425, 12.059620751154748, 6.227891681340634, 22.045957490607794, 69.53322011219186
9442, 13.53496451099687, 6.8626649311167345, 31.484456203344983, 59.72597562127942
9464, 14.820642016992368, 7.100821577961776, 41.067821732752726, 49.865984686158406
9465, 14.038679020535385, 6.614444381703385, 34.400819287127796, 56.051867651248564
9467, 16.30013942821403, 6.699885681506295, 48.34082049378133, 41.22294412474476
9468, 12.597618585711233, 6.750588764405898, 27.033011957891866, 64.72932919974109
9472, 16.408960898441602, 6.814851217795227, 49.106776522250186, 40.20004657403609
9475, 15.342465976169157, 7.165817406610751, 43.14123618990743, 44.568527918781726
9478, 16.498909231157324, 7.078330465374912, 49.7091977827106, 41.15874452808195
9481, 13.064745990176554, 6.690952833580655, 29.320003673528294, 61.734954933679695
9492, 14.302602917082238, 6.598474184383264, 35.50991649766251, 52.26656002742152
9498, 12.884319170149292, 6.700146796446743, 28.176497665548762, 62.99270072992701
9508, 13.171355805140182, 6.6171016874744595, 28.41812199443179, 63.11819792457606
9514, 12.911761003401443, 7.040419712797895, 29.453645184604266, 61.942765757869324
9517, 14.779943771837003, 6.4577395320064, 36.18566855454321, 52.898300911105636
9518, 12.759708951317709, 6.376903766204334, 24.42479654375565, 66.41464884959308
9519, 13.680141202022218, 7.28165487757062, 34.499955630490724, 55.445913568195934
9520, 16.37664481348616, 6.544701800485637, 47.46495033884327, 41.45899817132202
9522, 12.162718460019013, 6.741447786972802, 25.39178412462908, 65.36535608308606
9523, 14.452914381143554, 6.790079450472923, 36.66929828635118, 52.4659824455487
9525, 15.437161942615463, 7.030143436883181, 42.663531610999954, 48.10217165890205
9530, 17.174184473105495, 6.878558227063425, 52.82851649342065, 38.23078771856036
9531, 17.490509524672607, 6.789293195620781, 55.02620797686468, 35.981744788528744
9533, 14.649798737896722, 6.897364051469284, 37.969600935355835, 51.92455616750253
9534, 16.125913826847693, 6.976914446804919, 45.73430112117906, 44.60363394847953
9535, 15.155120462584842, 7.0665635007547625, 41.79799332860558, 48.7031492133533
9537, 13.513742395940374, 6.9614092481714085, 32.188733712523145, 59.48776420808426
9538, 15.120763585525955, 7.024703983146763, 41.67012304714503, 48.74286504315538
9541, 13.93270232980695, 7.019893573952104, 34.26893554055304, 56.63222840231996
9542, 10.5800409072089, 5.985741339785522, 15.95380780653373, 76.7162971998303
9545, 17.04797915107031, 6.942202045266973, 52.89605426064489, 37.97975991817839
9548, 10.807989273710767, 6.571969247557405, 18.726557851987895, 76.56949222690706
9549, 14.198506357346316, 6.902927546307925, 34.364777414308065, 56.47311904423269
9562, 16.430106189524665, 7.0566970878852375, 49.261744966442954, 42.02799021903127
9564, 16.310898829878052, 7.219183471975354, 48.979419624021375, 42.79030518963012
9566, 16.17411320059479, 7.135830357201855, 47.7353138980672, 43.659171320798855
9573, 14.863606485383379, 7.496435448077034, 41.55870065249026, 50.004694174529405
9585, 14.901696231024824, 7.354093903075872, 40.895376872504976, 50.88536382919856
9586, 15.20040945463029, 7.040099517904588, 41.87342928946767, 48.627566173830736
9597, 15.772210541117381, 7.158770817443577, 46.04647183210492, 44.9366237639495
9600, 14.95863695580653, 7.299821749434139, 40.92817526824127, 50.963249650120076
9601, 14.864496234749263, 7.0451125471851475, 39.47757516017742, 51.25158880444087
9612, 14.453558746532947, 7.372571454838832, 39.014885281038836, 53.02124579850938
9615, 15.427531364242231, 7.091583806812904, 43.89317790138852, 46.85656639251236
9616, 16.535113839571228, 7.094996509354472, 50.319031903190314, 39.43619361936194
9618, 17.185045721443128, 6.857330927920571, 53.69816040586309, 37.331534494146744
9621, 17.619552619359336, 6.65377356265082, 55.962534591641244, 34.611509259916275
9623, 13.941829160502019, 6.758504458472063, 32.91442552675213, 56.73555223035548
9626, 14.267658319776498, 6.629017995947698, 36.79445527398744, 53.11890838206628
9638, 16.23811694178063, 6.933160746508382, 46.519587826964184, 43.6492686090361
9644, 15.46023980390179, 7.374316812443236, 43.92587261604894, 47.57466714645556
9648, 14.482726488791519, 7.26412131879806, 38.141000290015555, 53.29563131113396
9650, 13.985801437184154, 7.53912283599779, 35.61042090020808, 57.10078972025164
9651, 16.273461003663158, 7.367142712006163, 49.05706479486439, 42.62533596925743
9654, 16.28585571913378, 7.0754321350571425, 47.12546477133922, 44.03280580947395
9655, 16.34323674485945, 6.978918349797717, 47.59400654457776, 43.193065043917564
9667, 16.01525136492325, 6.932674976399193, 44.67125136576901, 45.6186130214024
9668, 15.30744881112555, 7.137557459313496, 42.065524088201485, 48.4611767164803
9669, 14.596499632363615, 7.069199170636275, 38.05598849058866, 53.001738400671385
9671, 16.00749266847773, 6.959629854911198, 44.80792023983825, 45.785400543819286
9672, 15.409760107156034, 7.084742434508808, 42.40553472458938, 48.02484566147786
9673, 14.539763104147855, 7.093208843267478, 37.85022135537599, 53.20887898207486
9678, 14.554221091245752, 7.20408529052762, 38.40517767737208, 53.1578947368421
9682, 15.316843127402278, 7.014894351050599, 41.1157915685429, 49.805963713556004
9688, 15.195780911033493, 7.396801357689957, 42.66607392353613, 49.48812396799187
9691, 15.618541000250016, 6.800952643924134, 42.120598806574314, 46.79484942596922
972, 16.49927468958143, 6.196076760187437, 46.92880436688369, 39.203768424251635
9720, 14.942492283213447, 7.365729190946719, 41.15970372836218, 50.1581225033289
9729, 14.564141457791793, 6.390021430603685, 35.09791657680197, 51.571194409696766
973, 16.840464792357498, 6.140856262795385, 49.36622201937639, 36.72074352218742
974, 15.549635965182794, 6.311929730092494, 40.31539182081133, 45.798721551431306
9747, 15.883162780265145, 6.972688144561428, 45.21390004153399, 45.15298352485117
9748, 16.06217493773714, 6.903338995530043, 46.33424219890385, 43.94089619653529
9753, 16.11106117214451, 7.20956376942031, 47.365607683124566, 44.231420273328226
9756, 16.057970456641154, 6.93753650936781, 45.88091911030794, 44.713644816608706
9759, 14.29426975704518, 7.260177574997296, 36.43156239784561, 55.13612801793247
976, 13.014684717544096, 7.092372750008471, 30.566832987262526, 61.9249801138418
9762, 13.396203824839883, 7.051318992950169, 30.68375557084318, 60.89043759160111
9764, 15.999278072949103, 6.809478089159641, 43.603510583376355, 46.364481156427466
9765, 14.409540192259122, 7.398639702621197, 37.40449028126067, 55.15840779853778
9767, 12.062574468253121, 6.422248297218275, 21.95552273100279, 70.16658460528475
9768, 14.380201936157844, 7.2138422725384626, 36.3826982034216, 54.56928184518609
9769, 13.417041611606596, 7.054886818178435, 30.652793787538673, 61.14784929927804
9770, 15.877294280939237, 6.83073409598385, 43.42675812046673, 46.51135288552507
9771, 11.678384671430441, 6.543883947012612, 22.171924842807886, 70.75212508988992
9772, 11.63823796683496, 6.769251157196107, 23.338132623400615, 69.35245805148823
9774, 13.146754826810973, 6.739375616933374, 29.10139055858994, 62.49562196495678
9775, 11.241166154783283, 6.854270814256251, 22.499330816588365, 71.46786535106746
9777, 12.593315952794166, 6.893007335045158, 27.079909854922768, 65.53946194657027
9778, 12.555990236158905, 6.915745899005887, 26.82114674086576, 65.48031747479816
978, 11.348298667508612, 6.856908020516096, 22.766516701286683, 70.20053357485307
9780, 14.425560014280265, 7.441942327595107, 37.8240638156437, 54.565242893080125
9783, 14.146673879005652, 6.952824039762583, 35.23915493359581, 55.7395757549821
9786, 15.820924815387324, 7.095485002485364, 45.47134405752675, 45.29801893684377
9789, 13.187454654202716, 7.346052213104272, 32.97023509847896, 59.13314110485606
9792, 13.138396703910761, 7.79334592260765, 33.76029827409946, 59.64279271152806
9795, 12.331296689366168, 6.400844337345887, 23.968173584464658, 66.34658460100114
9813, 13.778582702846911, 7.155787943940358, 35.16102023729298, 56.41528313831199
982, 15.079794864435053, 6.780952373960648, 40.213483835347525, 49.19207410588308
983, 15.120520442254607, 6.7761489282449086, 40.44062961021227, 48.93500286518977
9831, 11.567744692877788, 6.690505444615508, 22.554971496261196, 70.63374546531428
9833, 12.510922787874154, 6.959835127187609, 28.36223712690057, 64.52449028672207
9834, 12.300847109481314, 6.734042911364386, 25.830857308500615, 66.00188419450684
9835, 11.43045714978288, 6.0775973450134275, 18.985556742940872, 70.75653582170123
9839, 12.447407195867752, 7.175278607195975, 29.204404769661824, 62.7831715210356
9847, 14.829233922846026, 6.9289286278275775, 38.25785562171325, 51.08544482593768
9848, 13.761815610704286, 6.600461623883952, 32.592230117867324, 56.36781413556869
986, 15.098481302388938, 6.7789150793408055, 40.33417883616126, 49.05804417957495
9860, 10.547455128233638, 5.632118629982853, 14.734074779297213, 77.99787952224338
9867, 11.145113954275594, 6.5010022102450815, 20.646920457338126, 72.58662859416508
987, 15.088238954856687, 6.779486402887516, 40.254937251904636, 49.105007519909265
9873, 12.989433736812462, 6.195746552208755, 25.607861060329068, 64.06154783668495
9875, 13.027312021596547, 6.224750221516266, 25.97847954642443, 63.393891361336344
9884, 17.78624968414072, 6.583392505336309, 57.461750408817004, 33.496113438319036
9892, 13.373687506399463, 6.007374045467893, 26.50066534205873, 62.214039628866736
9893, 13.515310106278438, 6.022755354700336, 27.282602691804907, 61.41623552372361
990, 11.56852286063126, 6.573746990444764, 22.942114220470067, 69.73114457441996
9901, 14.472375948253244, 6.398061264592926, 34.40271708562281, 52.38177648942154
9910, 17.972254149150334, 6.68133608352089, 57.257654358661384, 33.77298568021791
9917, 13.407032468230629, 6.334406714360969, 28.620364691627646, 60.3581098263302
9924, 13.422683536829393, 6.336570143027561, 28.64586443714542, 60.39862645565841
993, 8.310703713139864, 5.605090831155179, 10.619948036951502, 85.45215069284065
9937, 17.89342483568016, 6.899788092199013, 58.571940248193336, 33.396540463097566
994, 15.275655844592508, 6.660775767394951, 40.08858971452487, 48.41044242540502
9940, 9.721787491065985, 5.867934466173346, 14.143075745983166, 79.81637337413925
9942, 15.368130567076738, 7.135257076816061, 42.4985381338234, 48.656475371035555
9943, 15.213501852104159, 7.243654075252268, 42.144378105298316, 49.00839213394013
995, 17.692056653804254, 6.475028656092334, 56.24567234455061, 33.63107602825093
996, 13.806510529234638, 6.961530602168235, 33.5379024239723, 58.01247985737306
9979, 14.383875899304519, 7.368321457944221, 39.20803576612669, 52.41247169482669
9983, 15.634778015394247, 7.4056626126119465, 45.02372920121219, 46.00606095259877
9987, 14.526903016149697, 7.1726766199675245, 37.91601544543533, 53.349958628298246
9991, 12.616360471355287, 7.0758599853989885, 28.820767872083298, 63.01129497071675